{
	"credit": "Made with Blockbench",
	"parent": "block/block",
	"ambientocclusion": false,
	"textures": {
		"particle": "quark:blocks/bookshelf_birch",
		"side": "quark:blocks/bookshelf_birch",
		"end": "blocks/planks_birch"
	},
	"elements": [
		{
			"from": [0, 0, 0],
			"to": [16, 1, 16],
			"faces": {
				"north": {"uv": [0, 15, 16, 16], "texture": "#side", "cullface": "north"},
				"east": {"uv": [0, 15, 16, 16], "texture": "#side", "cullface": "east"},
				"south": {"uv": [0, 15, 16, 16], "texture": "#side", "cullface": "south"},
				"west": {"uv": [0, 15, 16, 16], "texture": "#side", "cullface": "west"},
				"up": {"uv": [0, 0, 16, 16], "texture": "#end"},
				"down": {"uv": [0, 0, 16, 16], "texture": "#end", "cullface": "down"}
			}
		},
		{
			"from": [0, 15, 0],
			"to": [16, 16, 16],
			"faces": {
				"north": {"uv": [0, 0, 16, 1], "texture": "#side", "cullface": "north"},
				"east": {"uv": [0, 0, 16, 1], "texture": "#side", "cullface": "east"},
				"south": {"uv": [0, 0, 16, 1], "texture": "#side", "cullface": "south"},
				"west": {"uv": [0, 0, 16, 1], "texture": "#side", "cullface": "west"},
				"up": {"uv": [0, 0, 16, 16], "texture": "#end", "cullface": "up"},
				"down": {"uv": [0, 0, 16, 16], "texture": "#end"}
			}
		},
		{
			"from": [0, 1, 0],
			"to": [1, 15, 1],
			"faces": {
				"north": {"uv": [15, 1, 16, 15], "texture": "#side", "cullface": "north"},
				"west": {"uv": [0, 1, 1, 15], "texture": "#side", "cullface": "west"}
			}
		},
		{
			"from": [15, 1, 0],
			"to": [16, 15, 1],
			"faces": {
				"north": {"uv": [0, 1, 1, 15], "texture": "#side", "cullface": "north"},
				"east": {"uv": [15, 1, 16, 15], "texture": "#side", "cullface": "east"}
			}
		},
		{
			"from": [0, 1, 15],
			"to": [1, 15, 16],
			"faces": {
				"south": {"uv": [0, 1, 1, 15], "texture": "#side", "cullface": "south"},
				"west": {"uv": [15, 1, 16, 15], "texture": "#side", "cullface": "west"}
			}
		},
		{
			"from": [15, 1, 15],
			"to": [16, 15, 16],
			"faces": {
				"east": {"uv": [0, 1, 1, 15], "texture": "#side", "cullface": "east"},
				"south": {"uv": [15, 1, 16, 15], "texture": "#side", "cullface": "south"}
			}
		},
		{
			"from": [4, 1, 4],
			"to": [12, 15, 12],
			"faces": {
				"north": {"uv": [4, 1, 12, 15], "texture": "#end", "cullface": "north"},
				"east": {"uv": [4, 1, 12, 15], "texture": "#end", "cullface": "east"},
				"south": {"uv": [4, 1, 12, 15], "texture": "#end", "cullface": "south"},
				"west": {"uv": [4, 1, 12, 15], "texture": "#end", "cullface": "west"}
			}
		},
		{
			"from": [0.7, 1, -0.7],
			"to": [21.9, 15, 0.7],
			"rotation": {"angle": -45, "axis": "y", "origin": [0, 0, 0]},
			"faces": {
				"north": {"uv": [0, 1, 16, 15], "texture": "#end"},
				"south": {"uv": [0, 1, 16, 15], "texture": "#end"}
			}
		},
		{
			"from": [-10.6, 1, 10.6],
			"to": [10.6, 15, 12],
			"rotation": {"angle": 45, "axis": "y", "origin": [0, 0, 0]},
			"faces": {
				"north": {"uv": [0, 1, 16, 15], "texture": "#end"},
				"south": {"uv": [0, 1, 16, 15], "texture": "#end"}
			}
		},
		{
			"from": [7, 1, 0],
			"to": [9, 15, 16],
			"faces": {
				"north": {"uv": [7, 1, 9, 15], "texture": "#side", "cullface": "north"},
				"east": {"uv": [0, 1, 16, 15], "texture": "#end"},
				"south": {"uv": [7, 1, 9, 15], "texture": "#side", "cullface": "south"},
				"west": {"uv": [0, 1, 16, 15], "texture": "#end"}
			}
		},
		{
			"from": [0, 7, 0],
			"to": [16, 9, 16],
			"faces": {
				"north": {"uv": [0, 7, 16, 9], "texture": "#side", "cullface": "north"},
				"east": {"uv": [0, 7, 16, 9], "texture": "#side", "cullface": "east"},
				"south": {"uv": [0, 7, 16, 9], "texture": "#side", "cullface": "south"},
				"west": {"uv": [0, 7, 16, 9], "texture": "#side", "cullface": "west"},
				"up": {"uv": [0, 0, 16, 16], "texture": "#end"},
				"down": {"uv": [0, 0, 16, 16], "texture": "#end"}
			}
		},
		{
			"from": [0, 1, 7],
			"to": [16, 15, 9],
			"faces": {
				"north": {"uv": [0, 1, 16, 15], "texture": "#end"},
				"east": {"uv": [7, 1, 9, 15], "texture": "#side", "cullface": "east"},
				"south": {"uv": [0, 1, 16, 15], "texture": "#end"},
				"west": {"uv": [7, 1, 9, 15], "texture": "#side", "cullface": "west"}
			}
		},
		{
			"from": [5, 9, 0.5],
			"to": [7, 14, 4],
			"faces": {
				"north": {"uv": [9, 2, 11, 7], "texture": "#side", "cullface": "north"},
				"west": {"uv": [10, 2, 11, 7], "texture": "#side", "cullface": "north"},
				"up": {"uv": [9, 2, 11, 3], "rotation": 180, "texture": "#side", "cullface": "north"}
			}
		},
		{
			"from": [1, 9, 0],
			"to": [3, 14, 2],
			"faces": {
				"north": {"uv": [13, 2, 15, 7], "texture": "#side", "cullface": "north"},
				"east": {"uv": [13, 2, 14, 7], "texture": "#side", "cullface": "north"},
				"up": {"uv": [13, 2, 15, 3], "rotation": 180, "texture": "#side", "cullface": "north"}
			}
		},
		{
			"from": [3, 9, 1],
			"to": [5, 13, 4],
			"faces": {
				"north": {"uv": [11, 3, 13, 7], "texture": "#side", "cullface": "north"},
				"up": {"uv": [11, 3, 13, 4], "rotation": 180, "texture": "#side", "cullface": "north"}
			}
		},
		{
			"from": [4, 1, 0.5],
			"to": [6, 6, 4],
			"faces": {
				"north": {"uv": [10, 10, 12, 15], "texture": "#side", "cullface": "north"},
				"east": {"uv": [10, 10, 11, 15], "texture": "#side", "cullface": "north"},
				"west": {"uv": [11, 10, 12, 15], "texture": "#side", "cullface": "north"},
				"up": {"uv": [10, 10, 12, 11], "rotation": 180, "texture": "#side", "cullface": "north"}
			}
		},
		{
			"from": [6, 1, 1],
			"to": [7, 5, 4],
			"faces": {
				"north": {"uv": [9, 11, 10, 15], "texture": "#side", "cullface": "north"},
				"up": {"uv": [9, 11, 10, 12], "texture": "#side", "cullface": "north"}
			}
		},
		{
			"from": [9, 1, 0.25],
			"to": [14, 3, 3],
			"faces": {
				"north": {"uv": [2, 13, 7, 15], "texture": "#side", "cullface": "north"},
				"up": {"uv": [2, 13, 7, 14], "texture": "#side", "cullface": "north"}
			}
		},
		{
			"from": [9, 3, 0.75],
			"to": [13, 5, 4],
			"faces": {
				"north": {"uv": [3, 11, 7, 13], "texture": "#side", "cullface": "north"},
				"east": {"uv": [3, 11, 4, 13], "texture": "#side", "cullface": "north"},
				"up": {"uv": [3, 11, 7, 12], "rotation": 180, "texture": "#side", "cullface": "north"}
			}
		},
		{
			"from": [14, 1, 0],
			"to": [15, 4, 1],
			"faces": {
				"north": {"uv": [1, 12, 2, 15], "texture": "#side", "cullface": "north"},
				"west": {"uv": [1, 12, 2, 15], "texture": "#side", "cullface": "north"},
				"up": {"uv": [1, 12, 2, 13], "texture": "#side", "cullface": "north"}
			}
		},
		{
			"from": [9, 9, 0],
			"to": [11, 14, 4],
			"faces": {
				"north": {"uv": [5, 2, 7, 7], "texture": "#side", "cullface": "north"},
				"east": {"uv": [5, 2, 6, 7], "texture": "#side", "cullface": "north"},
				"up": {"uv": [5, 2, 7, 3], "rotation": 180, "texture": "#side", "cullface": "north"}
			}
		},
		{
			"from": [11, 9, 0.25],
			"to": [13, 13, 4],
			"faces": {
				"north": {"uv": [3, 3, 5, 7], "texture": "#side", "cullface": "north"},
				"east": {"uv": [3, 3, 4, 7], "texture": "#side", "cullface": "north"},
				"up": {"uv": [3, 3, 5, 4], "rotation": 180, "texture": "#side", "cullface": "north"}
			}
		},
		{
			"from": [8.4, 13.6, 0.1],
			"to": [9.4, 17.6, 1.5],
			"rotation": {"angle": -22.5, "axis": "z", "origin": [0, 0, 0]},
			"faces": {
				"north": {"uv": [1, 4, 2, 6], "texture": "#side", "cullface": "north"},
				"east": {"uv": [1, 4, 2, 6], "texture": "#side", "cullface": "north"},
				"west": {"uv": [1, 4, 2, 6], "texture": "#side", "cullface": "north"},
				"up": {"uv": [1, 4, 2, 5], "texture": "#side", "cullface": "north"},
				"down": {"uv": [2, 6, 3, 7], "texture": "#side", "cullface": "north"}
			}
		},
		{
			"from": [2.4, 0, 0.1],
			"to": [4.4, 4.5, 1.45],
			"rotation": {"angle": 22.5, "axis": "z", "origin": [0, 0, 0]},
			"faces": {
				"north": {"uv": [12, 12, 14, 15], "texture": "#side", "cullface": "north"},
				"east": {"uv": [12, 12, 13, 15], "texture": "#side", "cullface": "north"},
				"west": {"uv": [13, 12, 14, 15], "texture": "#side", "cullface": "north"},
				"up": {"uv": [13, 10, 15, 11], "rotation": 180, "texture": "#side", "cullface": "north"},
				"down": {"uv": [12, 14, 14, 15], "texture": "#side", "cullface": "north"}
			}
		},
		{
			"from": [0.5, 9, 9],
			"to": [4, 14, 11],
			"faces": {
				"south": {"uv": [10, 2, 11, 7], "texture": "#side", "cullface": "west"},
				"west": {"uv": [9, 2, 11, 7], "texture": "#side", "cullface": "west"},
				"up": {"uv": [9, 2, 11, 3], "rotation": 90, "texture": "#side", "cullface": "west"}
			}
		},
		{
			"from": [0, 9, 13],
			"to": [2, 14, 15],
			"faces": {
				"north": {"uv": [13, 2, 14, 7], "texture": "#side", "cullface": "west"},
				"west": {"uv": [13, 2, 15, 7], "texture": "#side", "cullface": "west"},
				"up": {"uv": [13, 2, 15, 3], "rotation": 90, "texture": "#side", "cullface": "west"}
			}
		},
		{
			"from": [1, 9, 11],
			"to": [4, 13, 13],
			"faces": {
				"west": {"uv": [11, 3, 13, 7], "texture": "#side", "cullface": "west"},
				"up": {"uv": [11, 3, 13, 4], "rotation": 90, "texture": "#side", "cullface": "west"}
			}
		},
		{
			"from": [0.5, 1, 10],
			"to": [4, 6, 12],
			"faces": {
				"north": {"uv": [10, 10, 11, 15], "texture": "#side", "cullface": "west"},
				"south": {"uv": [11, 10, 12, 15], "texture": "#side", "cullface": "west"},
				"west": {"uv": [10, 10, 12, 15], "texture": "#side", "cullface": "west"},
				"up": {"uv": [10, 10, 12, 11], "rotation": 90, "texture": "#side", "cullface": "west"}
			}
		},
		{
			"from": [1, 1, 9],
			"to": [4, 5, 10],
			"faces": {
				"west": {"uv": [9, 11, 10, 15], "texture": "#side", "cullface": "west"},
				"up": {"uv": [9, 11, 10, 12], "rotation": 270, "texture": "#side", "cullface": "west"}
			}
		},
		{
			"from": [0.25, 1, 2],
			"to": [3, 3, 7],
			"faces": {
				"west": {"uv": [2, 13, 7, 15], "texture": "#side", "cullface": "west"},
				"up": {"uv": [2, 13, 7, 14], "rotation": 270, "texture": "#side", "cullface": "west"}
			}
		},
		{
			"from": [0.75, 3, 3],
			"to": [4, 5, 7],
			"faces": {
				"north": {"uv": [3, 11, 4, 13], "texture": "#side", "cullface": "west"},
				"west": {"uv": [3, 11, 7, 13], "texture": "#side", "cullface": "west"},
				"up": {"uv": [3, 11, 7, 12], "rotation": 90, "texture": "#side", "cullface": "west"}
			}
		},
		{
			"from": [0, 1, 1],
			"to": [1, 4, 2],
			"faces": {
				"south": {"uv": [1, 12, 2, 15], "texture": "#side", "cullface": "west"},
				"west": {"uv": [1, 12, 2, 15], "texture": "#side", "cullface": "west"},
				"up": {"uv": [1, 12, 2, 13], "rotation": 270, "texture": "#side", "cullface": "west"}
			}
		},
		{
			"from": [0, 9, 5],
			"to": [4, 14, 7],
			"faces": {
				"north": {"uv": [5, 2, 6, 7], "texture": "#side", "cullface": "west"},
				"west": {"uv": [5, 2, 7, 7], "texture": "#side", "cullface": "west"},
				"up": {"uv": [5, 2, 7, 3], "rotation": 90, "texture": "#side", "cullface": "west"}
			}
		},
		{
			"from": [0.25, 9, 3],
			"to": [4, 13, 5],
			"faces": {
				"north": {"uv": [3, 3, 4, 7], "texture": "#side", "cullface": "west"},
				"west": {"uv": [3, 3, 5, 7], "texture": "#side", "cullface": "west"},
				"up": {"uv": [3, 3, 5, 4], "rotation": 90, "texture": "#side", "cullface": "west"}
			}
		},
		{
			"from": [0.1, 7.5, 5.4],
			"to": [1.5, 11.5, 6.4],
			"rotation": {"angle": -22.5, "axis": "x", "origin": [0, 0, 0]},
			"faces": {
				"north": {"uv": [1, 4, 2, 6], "texture": "#side", "cullface": "west"},
				"south": {"uv": [1, 4, 2, 6], "texture": "#side", "cullface": "west"},
				"west": {"uv": [1, 4, 2, 6], "texture": "#side", "cullface": "west"},
				"up": {"uv": [1, 4, 2, 5], "rotation": 270, "texture": "#side", "cullface": "west"},
				"down": {"uv": [2, 6, 3, 7], "rotation": 90, "texture": "#side", "cullface": "west"}
			}
		},
		{
			"from": [0.1, 0, 11.6],
			"to": [1.45, 4.5, 13.6],
			"faces": {
				"north": {"uv": [12, 12, 13, 15], "texture": "#side", "cullface": "west"},
				"south": {"uv": [13, 12, 14, 15], "texture": "#side", "cullface": "west"},
				"west": {"uv": [12, 12, 14, 15], "texture": "#side", "cullface": "west"},
				"up": {"uv": [13, 10, 15, 11], "rotation": 90, "texture": "#side", "cullface": "west"},
				"down": {"uv": [12, 14, 14, 15], "rotation": 90, "texture": "#side", "cullface": "west"}
			}
		},
		{
			"from": [9, 9, 12],
			"to": [11, 14, 15.5],
			"faces": {
				"east": {"uv": [10, 2, 11, 7], "texture": "#side", "cullface": "south"},
				"south": {"uv": [9, 2, 11, 7], "texture": "#side", "cullface": "south"},
				"up": {"uv": [9, 2, 11, 3], "texture": "#side", "cullface": "south"}
			}
		},
		{
			"from": [13, 9, 14],
			"to": [15, 14, 16],
			"faces": {
				"south": {"uv": [13, 2, 15, 7], "texture": "#side", "cullface": "south"},
				"west": {"uv": [13, 2, 14, 7], "texture": "#side", "cullface": "south"},
				"up": {"uv": [13, 2, 15, 3], "texture": "#side", "cullface": "south"}
			}
		},
		{
			"from": [11, 9, 12],
			"to": [13, 13, 15],
			"faces": {
				"south": {"uv": [11, 3, 13, 7], "texture": "#side", "cullface": "south"},
				"up": {"uv": [11, 3, 13, 4], "texture": "#side", "cullface": "south"}
			}
		},
		{
			"from": [9, 1, 12],
			"to": [10, 5, 15],
			"faces": {
				"south": {"uv": [9, 11, 10, 15], "texture": "#side", "cullface": "south"},
				"up": {"uv": [9, 11, 10, 12], "rotation": 180, "texture": "#side", "cullface": "south"}
			}
		},
		{
			"from": [10, 1, 12],
			"to": [12, 6, 15.5],
			"faces": {
				"east": {"uv": [11, 10, 12, 15], "texture": "#side", "cullface": "south"},
				"south": {"uv": [10, 10, 12, 15], "texture": "#side", "cullface": "south"},
				"west": {"uv": [10, 10, 11, 15], "texture": "#side", "cullface": "south"},
				"up": {"uv": [10, 10, 12, 11], "texture": "#side", "cullface": "south"}
			}
		},
		{
			"from": [2, 1, 13],
			"to": [7, 3, 15.75],
			"faces": {
				"south": {"uv": [2, 13, 7, 15], "texture": "#side", "cullface": "south"},
				"up": {"uv": [2, 13, 7, 14], "rotation": 180, "texture": "#side", "cullface": "south"}
			}
		},
		{
			"from": [3, 3, 12],
			"to": [7, 5, 15.25],
			"faces": {
				"south": {"uv": [3, 11, 7, 13], "texture": "#side", "cullface": "south"},
				"west": {"uv": [3, 11, 4, 13], "texture": "#side", "cullface": "south"},
				"up": {"uv": [3, 11, 7, 12], "texture": "#side", "cullface": "south"}
			}
		},
		{
			"from": [1, 1, 15],
			"to": [2, 4, 16],
			"faces": {
				"east": {"uv": [1, 12, 2, 15], "texture": "#side", "cullface": "south"},
				"south": {"uv": [1, 12, 2, 15], "texture": "#side", "cullface": "south"},
				"up": {"uv": [1, 12, 2, 13], "rotation": 180, "texture": "#side", "cullface": "south"}
			}
		},
		{
			"from": [5, 9, 12],
			"to": [7, 14, 16],
			"faces": {
				"south": {"uv": [5, 2, 7, 7], "texture": "#side", "cullface": "south"},
				"west": {"uv": [5, 2, 6, 7], "texture": "#side", "cullface": "south"},
				"up": {"uv": [5, 2, 7, 3], "texture": "#side", "cullface": "south"}
			}
		},
		{
			"from": [3, 9, 12],
			"to": [5, 13, 15.75],
			"faces": {
				"south": {"uv": [3, 3, 5, 7], "texture": "#side", "cullface": "south"},
				"west": {"uv": [3, 3, 4, 7], "texture": "#side", "cullface": "south"},
				"up": {"uv": [3, 3, 5, 4], "texture": "#side", "cullface": "south"}
			}
		},
		{
			"from": [11.6, 0, 14.55],
			"to": [13.6, 4.5, 15.9],
			"faces": {
				"east": {"uv": [13, 12, 14, 15], "texture": "#side", "cullface": "south"},
				"south": {"uv": [12, 12, 14, 15], "texture": "#side", "cullface": "south"},
				"west": {"uv": [12, 12, 13, 15], "texture": "#side", "cullface": "south"},
				"up": {"uv": [13, 10, 15, 11], "texture": "#side", "cullface": "south"},
				"down": {"uv": [12, 14, 14, 15], "rotation": 180, "texture": "#side", "cullface": "south"}
			}
		},
		{
			"from": [5.4, 7.5, 14.5],
			"to": [6.4, 11.5, 15.9],
			"rotation": {"angle": 22.5, "axis": "z", "origin": [0, 0, 0]},
			"faces": {
				"east": {"uv": [1, 4, 2, 6], "texture": "#side", "cullface": "south"},
				"south": {"uv": [1, 4, 2, 6], "texture": "#side", "cullface": "south"},
				"west": {"uv": [1, 4, 2, 6], "texture": "#side", "cullface": "south"},
				"up": {"uv": [1, 4, 2, 5], "rotation": 180, "texture": "#side", "cullface": "south"},
				"down": {"uv": [2, 6, 3, 7], "rotation": 180, "texture": "#side", "cullface": "south"}
			}
		},
		{
			"from": [12, 9, 5],
			"to": [15.5, 14, 7],
			"faces": {
				"north": {"uv": [10, 2, 11, 7], "texture": "#side", "cullface": "east"},
				"east": {"uv": [9, 2, 11, 7], "texture": "#side", "cullface": "east"},
				"up": {"uv": [9, 2, 11, 3], "rotation": 270, "texture": "#side", "cullface": "east"}
			}
		},
		{
			"from": [14, 9, 1],
			"to": [16, 14, 3],
			"faces": {
				"east": {"uv": [13, 2, 15, 7], "texture": "#side", "cullface": "east"},
				"south": {"uv": [13, 2, 14, 7], "texture": "#side", "cullface": "east"},
				"up": {"uv": [13, 2, 15, 3], "rotation": 270, "texture": "#side", "cullface": "east"}
			}
		},
		{
			"from": [12, 9, 3],
			"to": [15, 13, 5],
			"faces": {
				"east": {"uv": [11, 3, 13, 7], "texture": "#side", "cullface": "east"},
				"up": {"uv": [11, 3, 13, 4], "rotation": 270, "texture": "#side", "cullface": "east"}
			}
		},
		{
			"from": [12, 1, 6],
			"to": [15, 5, 7],
			"faces": {
				"east": {"uv": [9, 11, 10, 15], "texture": "#side", "cullface": "east"},
				"up": {"uv": [9, 11, 10, 12], "rotation": 90, "texture": "#side", "cullface": "east"}
			}
		},
		{
			"from": [12, 1, 4],
			"to": [15.5, 6, 6],
			"faces": {
				"north": {"uv": [11, 10, 12, 15], "texture": "#side", "cullface": "east"},
				"east": {"uv": [10, 10, 12, 15], "texture": "#side", "cullface": "east"},
				"south": {"uv": [10, 10, 11, 15], "texture": "#side", "cullface": "east"},
				"up": {"uv": [10, 10, 12, 11], "rotation": 270, "texture": "#side", "cullface": "east"}
			}
		},
		{
			"from": [13, 1, 9],
			"to": [15.75, 3, 14],
			"faces": {
				"east": {"uv": [2, 13, 7, 15], "texture": "#side", "cullface": "east"},
				"up": {"uv": [2, 13, 7, 14], "rotation": 90, "texture": "#side", "cullface": "east"}
			}
		},
		{
			"from": [12, 3, 9],
			"to": [15.25, 5, 13],
			"faces": {
				"east": {"uv": [3, 11, 7, 13], "texture": "#side", "cullface": "east"},
				"south": {"uv": [3, 11, 4, 13], "texture": "#side", "cullface": "east"},
				"up": {"uv": [3, 11, 7, 12], "rotation": 270, "texture": "#side", "cullface": "east"}
			}
		},
		{
			"from": [15, 1, 14],
			"to": [16, 4, 15],
			"faces": {
				"north": {"uv": [1, 12, 2, 15], "texture": "#side", "cullface": "east"},
				"east": {"uv": [1, 12, 2, 15], "texture": "#side", "cullface": "east"},
				"up": {"uv": [1, 12, 2, 13], "rotation": 90, "texture": "#side", "cullface": "east"}
			}
		},
		{
			"from": [12, 9, 9],
			"to": [16, 14, 11],
			"faces": {
				"east": {"uv": [5, 2, 7, 7], "texture": "#side", "cullface": "east"},
				"south": {"uv": [5, 2, 6, 7], "texture": "#side", "cullface": "east"},
				"up": {"uv": [5, 2, 7, 3], "rotation": 270, "texture": "#side", "cullface": "east"}
			}
		},
		{
			"from": [12, 9, 11],
			"to": [15.75, 13, 13],
			"faces": {
				"east": {"uv": [3, 3, 5, 7], "texture": "#side", "cullface": "east"},
				"south": {"uv": [3, 3, 4, 7], "texture": "#side", "cullface": "east"},
				"up": {"uv": [3, 3, 5, 4], "rotation": 270, "texture": "#side", "cullface": "east"}
			}
		},
		{
			"from": [14.55, 0, 2.4],
			"to": [15.9, 4.5, 4.4],
			"faces": {
				"north": {"uv": [13, 12, 14, 15], "texture": "#side", "cullface": "east"},
				"east": {"uv": [12, 12, 14, 15], "texture": "#side", "cullface": "east"},
				"south": {"uv": [12, 12, 13, 15], "texture": "#side", "cullface": "east"},
				"up": {"uv": [13, 10, 15, 11], "rotation": 270, "texture": "#side", "cullface": "east"},
				"down": {"uv": [12, 14, 14, 15], "rotation": 270, "texture": "#side", "cullface": "east"}
			}
		},
		{
			"from": [14.5, 13.6, 8.4],
			"to": [15.9, 17.6, 9.4],
			"rotation": {"angle": 22.5, "axis": "x", "origin": [0, 0, 0]},
			"faces": {
				"north": {"uv": [1, 4, 2, 6], "texture": "#side", "cullface": "east"},
				"east": {"uv": [1, 4, 2, 6], "texture": "#side", "cullface": "east"},
				"south": {"uv": [1, 4, 2, 6], "texture": "#side", "cullface": "east"},
				"up": {"uv": [1, 4, 2, 5], "rotation": 90, "texture": "#side", "cullface": "east"},
				"down": {"uv": [2, 6, 3, 7], "rotation": 270, "texture": "#side", "cullface": "east"}
			}
		}
	]
}