{
  "forge_marker": 1,
  "defaults": {
    "model": "tconstruct:tank"
  },
	"variants": {
    "type": {
      "tank": {"model": "tconstruct:tank/tank"},
      "gauge": {"model": "tconstruct:tank/gauge"},
      "window": {
        "textures": {
          "side": "tconstruct:blocks/smeltery/seared_window_side",
          "top": "tconstruct:blocks/smeltery/seared_window_top"
        }
      }
    },
    "has_knob": {
      "true": {},
      "false": {}
    },
    "tank": { "model": "tconstruct:tank/tank" },
    "gauge": { "model": "tconstruct:tank/gauge" },
    "window": { "model": "tconstruct:tank/window" }
  }
}