{
	"credit": "Made with Blockbench",
	"parent": "block/orientable",
	"textures": {
		"side": "appliedenergistics2:blocks/charger_side",
		"particle": "appliedenergistics2:blocks/charger",
		"top": "appliedenergistics2:blocks/charger",
		"inside": "appliedenergistics2:blocks/charger_inside"
	},
	"elements": [
		{
			"name": "back",
			"from": [6, 1, 14],
			"to": [10, 15, 16],
			"faces": {
				"north": {"uv": [6, 1, 10, 15], "texture": "#side"},
				"east": {"uv": [0, 1, 2, 15], "texture": "#side"},
				"south": {"uv": [6, 1, 10, 15], "texture": "#side", "cullface": "south"},
				"west": {"uv": [14, 1, 16, 15], "texture": "#side"},
				"up": {"uv": [6, 14, 10, 16], "texture": "#side"},
				"down": {"uv": [6, 14, 10, 16], "texture": "#side"}
			}
		},
		{
			"name": "bottom",
			"from": [2, 0, 2],
			"to": [14, 3, 14],
			"shade": false,
			"faces": {
				"north": {"uv": [2, 13, 14, 16], "texture": "#side"},
				"east": {"uv": [2, 13, 14, 16], "texture": "#side"},
				"south": {"uv": [2, 13, 14, 16], "texture": "#side"},
				"west": {"uv": [2, 13, 14, 16], "texture": "#side"},
				"up": {"uv": [2, 2, 14, 14], "texture": "#side"},
				"down": {"uv": [2, 2, 14, 14], "texture": "#top", "cullface": "down"}
			}
		},
		{
			"name": "top",
			"from": [2, 13, 2],
			"to": [14, 16, 14],
			"faces": {
				"north": {"uv": [2, 0, 14, 3], "texture": "#side"},
				"east": {"uv": [2, 0, 14, 3], "texture": "#side"},
				"south": {"uv": [2, 0, 14, 3], "texture": "#side"},
				"west": {"uv": [2, 0, 14, 3], "texture": "#side"},
				"up": {"uv": [2, 2, 14, 14], "texture": "#top", "cullface": "up"},
				"down": {"uv": [2, 2, 14, 14], "texture": "#side"}
			}
		},
		{
			"name": "inside-bottom",
			"from": [3, 3, 3],
			"to": [13, 4, 13],
			"shade": false,
			"faces": {
				"north": {"uv": [3, 15, 13, 16], "texture": "#inside"},
				"east": {"uv": [3, 15, 13, 16], "texture": "#inside"},
				"south": {"uv": [3, 15, 13, 16], "texture": "#inside"},
				"west": {"uv": [3, 15, 13, 16], "texture": "#inside"},
				"up": {"uv": [3, 3, 13, 13], "texture": "#inside"}
			}
		},
		{
			"name": "inside-top",
			"from": [3, 12, 3],
			"to": [13, 13, 13],
			"shade": false,
			"faces": {
				"north": {"uv": [3, 0, 13, 1], "texture": "#inside"},
				"east": {"uv": [3, 0, 13, 1], "texture": "#inside"},
				"south": {"uv": [3, 0, 13, 1], "texture": "#inside"},
				"west": {"uv": [3, 0, 13, 1], "texture": "#inside"},
				"down": {"uv": [3, 3, 13, 13], "texture": "#inside"}
			}
		}
	]
}