{
    "variants": {
        "fullness=0": {
            "model": "appliedenergistics2:energy_cell/energy_cell0"
        },
        "fullness=1": {
            "model": "appliedenergistics2:energy_cell/energy_cell1"
        },
        "fullness=2": {
            "model": "appliedenergistics2:energy_cell/energy_cell1"
        },
        "fullness=3": {
            "model": "appliedenergistics2:energy_cell/energy_cell2"
        },
        "fullness=4": {
            "model": "appliedenergistics2:energy_cell/energy_cell2"
        },
        "fullness=5": {
            "model": "appliedenergistics2:energy_cell/energy_cell3"
        },
        "fullness=6": {
            "model": "appliedenergistics2:energy_cell/energy_cell3"
        },
        "fullness=7": {
            "model": "appliedenergistics2:energy_cell/energy_cell4"
        }
    }
}
