{
	"credit": "Made by Cr_L with Blockbench",
	"parent": "block/block",
	"textures": {
		"particle": "tconstruct:blocks/smeltery/castingtable_top",
		"top": "tconstruct:blocks/smeltery/castingtable_top",
		"side": "tconstruct:blocks/smeltery/castingtable_side",
		"legBottom": "tconstruct:blocks/smeltery/castingtable_bottom"
	},
	"elements": [
		{
			"from": [0, 15, 0],
			"to": [15, 16, 1],
			"faces": {
				"north": {"uv": [0, 0, 15, 1], "texture": "#side", "cullface": "north"},
				"south": {"uv": [0, 0, 15, 1], "texture": "#side", "cullface": "up"},
				"west": {"uv": [0, 0, 1, 1], "texture": "#side", "cullface": "west"},
				"up": {"uv": [0, 0, 15, 1], "texture": "#top", "cullface": "up"}
			}
		},
		{
			"from": [15, 15, 0],
			"to": [16, 16, 15],
			"faces": {
				"north": {"uv": [0, 0, 1, 1], "texture": "#side", "cullface": "north"},
				"east": {"uv": [0, 0, 15, 1], "texture": "#side", "cullface": "east"},
				"west": {"uv": [0, 0, 15, 1], "texture": "#side", "cullface": "up"},
				"up": {"uv": [15, 0, 16, 15], "texture": "#top", "cullface": "up"}
			}
		},
		{
			"from": [1, 15, 15],
			"to": [16, 16, 16],
			"faces": {
				"north": {"uv": [0, 0, 15, 1], "texture": "#side", "cullface": "up"},
				"east": {"uv": [0, 0, 1, 1], "texture": "#side", "cullface": "east"},
				"south": {"uv": [0, 0, 15, 1], "texture": "#side", "cullface": "south"},
				"up": {"uv": [1, 15, 16, 16], "texture": "#top", "cullface": "up"}
			}
		},
		{
			"from": [0, 15, 1],
			"to": [1, 16, 16],
			"faces": {
				"east": {"uv": [0, 0, 15, 1], "texture": "#side", "cullface": "up"},
				"south": {"uv": [0, 0, 1, 1], "texture": "#side", "cullface": "south"},
				"west": {"uv": [0, 0, 15, 1], "texture": "#side", "cullface": "west"},
				"up": {"uv": [0, 1, 1, 16], "texture": "#top", "cullface": "up"}
			}
		},
		{
			"name": "Table top plate",
			"from": [0, 10, 0],
			"to": [16, 15, 16],
			"faces": {
				"north": {"uv": [0, 1, 16, 6], "texture": "#side", "cullface": "north"},
				"east": {"uv": [0, 1, 16, 6], "texture": "#side", "cullface": "east"},
				"south": {"uv": [0, 1, 16, 6], "texture": "#side", "cullface": "south"},
				"west": {"uv": [0, 1, 16, 6], "texture": "#side", "cullface": "west"},
				"up": {"uv": [0, 0, 16, 16], "texture": "#top", "cullface": "up"},
				"down": {"uv": [0, 0, 16, 16], "texture": "#legBottom"}
			}
		},
		{
			"from": [0, 0, 0],
			"to": [3, 10, 3],
			"faces": {
				"north": {"uv": [12, 6, 16, 16], "texture": "#side", "cullface": "north"},
				"east": {"uv": [0, 6, 4, 16], "texture": "#side"},
				"south": {"uv": [12, 6, 16, 16], "texture": "#side"},
				"west": {"uv": [0, 6, 4, 16], "texture": "#side", "cullface": "west"},
				"down": {"uv": [0, 12, 4, 16], "texture": "#legBottom", "cullface": "down"}
			}
		},
		{
			"from": [13, 0, 0],
			"to": [16, 10, 3],
			"faces": {
				"north": {"uv": [0, 6, 4, 16], "texture": "#side", "cullface": "north"},
				"east": {"uv": [12, 6, 16, 16], "texture": "#side", "cullface": "east"},
				"south": {"uv": [0, 6, 4, 16], "texture": "#side"},
				"west": {"uv": [12, 6, 16, 16], "texture": "#side"},
				"down": {"uv": [12, 12, 16, 16], "texture": "#legBottom", "cullface": "down"}
			}
		},
		{
			"from": [13, 0, 13],
			"to": [16, 10, 16],
			"faces": {
				"north": {"uv": [12, 6, 16, 16], "texture": "#side"},
				"east": {"uv": [0, 6, 4, 16], "texture": "#side", "cullface": "east"},
				"south": {"uv": [12, 6, 16, 16], "texture": "#side", "cullface": "south"},
				"west": {"uv": [0, 6, 4, 16], "texture": "#side"},
				"down": {"uv": [12, 0, 16, 4], "texture": "#legBottom", "cullface": "down"}
			}
		},
		{
			"from": [0, 0, 13],
			"to": [3, 10, 16],
			"faces": {
				"north": {"uv": [0, 6, 4, 16], "texture": "#side"},
				"east": {"uv": [12, 6, 16, 16], "texture": "#side"},
				"south": {"uv": [0, 6, 4, 16], "texture": "#side", "cullface": "south"},
				"west": {"uv": [12, 6, 16, 16], "texture": "#side", "cullface": "west"},
				"down": {"uv": [0, 0, 4, 4], "texture": "#legBottom", "cullface": "down"}
			}
		}
	]
}