{
	"credit": "Made by Cr_L with Blockbench",
	"parent": "block/block",
	"textures": {
		"particle": "tconstruct:blocks/smeltery/blockcast_top",
		"top": "tconstruct:blocks/smeltery/blockcast_top",
		"side": "tconstruct:blocks/smeltery/blockcast_side",
		"bottom": "tconstruct:blocks/smeltery/blockcast_bottom"
	},
	"elements": [
		{
			"from": [0, 4, 0],
			"to": [14, 16, 2],
			"faces": {
				"north": {"uv": [2, 0, 16, 12], "texture": "#side", "cullface": "north"},
				"south": {"uv": [0, 0, 14, 12], "texture": "#side"},
				"west": {"uv": [0, 0, 2, 12], "texture": "#side", "cullface": "west"},
				"up": {"uv": [0, 0, 14, 2], "texture": "#top", "cullface": "up"}
			}
		},
		{
			"from": [14, 4, 0],
			"to": [16, 16, 14],
			"faces": {
				"north": {"uv": [0, 0, 2, 12], "texture": "#side", "cullface": "north"},
				"east": {"uv": [2, 0, 16, 12], "texture": "#side", "cullface": "east"},
				"west": {"uv": [0, 0, 14, 12], "texture": "#side"},
				"up": {"uv": [14, 0, 16, 14], "texture": "#top", "cullface": "up"}
			}
		},
		{
			"from": [2, 4, 14],
			"to": [16, 16, 16],
			"faces": {
				"north": {"uv": [0, 0, 14, 12], "texture": "#side"},
				"east": {"uv": [0, 0, 2, 12], "texture": "#side", "cullface": "east"},
				"south": {"uv": [2, 0, 16, 12], "texture": "#side", "cullface": "south"},
				"up": {"uv": [2, 14, 16, 16], "texture": "#top", "cullface": "up"}
			}
		},
		{
			"from": [0, 4, 2],
			"to": [2, 16, 16],
			"faces": {
				"east": {"uv": [0, 0, 14, 12], "texture": "#side"},
				"south": {"uv": [0, 0, 2, 12], "texture": "#side", "cullface": "south"},
				"west": {"uv": [2, 0, 16, 12], "texture": "#side", "cullface": "west"},
				"up": {"uv": [0, 2, 2, 16], "texture": "#top", "cullface": "up"}
			}
		},
		{
			"from": [0, 2, 0],
			"to": [16, 4, 16],
			"faces": {
				"north": {"uv": [0, 12, 16, 14], "texture": "#side", "cullface": "north"},
				"east": {"uv": [0, 12, 16, 14], "texture": "#side", "cullface": "east"},
				"south": {"uv": [0, 12, 16, 14], "texture": "#side", "cullface": "south"},
				"west": {"uv": [0, 12, 16, 14], "texture": "#side", "cullface": "west"},
				"up": {"uv": [0, 0, 16, 16], "texture": "#top"},
				"down": {"uv": [0, 0, 16, 16], "texture": "#bottom"}
			}
		},
		{
			"from": [0, 0, 0],
			"to": [5, 2, 5],
			"faces": {
				"north": {"uv": [11, 14, 16, 16], "texture": "#side", "cullface": "north"},
				"east": {"uv": [0, 14, 5, 16], "texture": "#side"},
				"south": {"uv": [11, 14, 16, 16], "texture": "#side"},
				"west": {"uv": [0, 14, 5, 16], "texture": "#side", "cullface": "west"},
				"down": {"uv": [0, 0, 5, 5], "texture": "#bottom", "cullface": "down"}
			}
		},
		{
			"from": [11, 0, 0],
			"to": [16, 2, 5],
			"faces": {
				"north": {"uv": [0, 14, 5, 16], "texture": "#side", "cullface": "north"},
				"east": {"uv": [11, 14, 16, 16], "texture": "#side", "cullface": "east"},
				"south": {"uv": [0, 14, 5, 16], "texture": "#side"},
				"west": {"uv": [11, 14, 16, 16], "texture": "#side"},
				"down": {"uv": [11, 0, 16, 5], "texture": "#bottom", "cullface": "down"}
			}
		},
		{
			"from": [11, 0, 11],
			"to": [16, 2, 16],
			"faces": {
				"north": {"uv": [11, 14, 16, 16], "texture": "#side"},
				"east": {"uv": [0, 14, 5, 16], "texture": "#side", "cullface": "east"},
				"south": {"uv": [11, 14, 16, 16], "texture": "#side", "cullface": "south"},
				"west": {"uv": [0, 14, 5, 16], "texture": "#side"},
				"down": {"uv": [11, 11, 16, 16], "texture": "#bottom", "cullface": "down"}
			}
		},
		{
			"from": [0, 0, 11],
			"to": [5, 2, 16],
			"faces": {
				"north": {"uv": [0, 14, 5, 16], "texture": "#side"},
				"east": {"uv": [11, 14, 16, 16], "texture": "#side"},
				"south": {"uv": [0, 14, 5, 16], "texture": "#side", "cullface": "south"},
				"west": {"uv": [11, 14, 16, 16], "texture": "#side", "cullface": "west"},
				"down": {"uv": [0, 11, 5, 16], "texture": "#bottom", "cullface": "down"}
			}
		},
		{
			"from": [7, 5, 2],
			"to": [9, 13, 0],
			"faces": {
				"east": {"uv": [0, 3, 2, 11], "texture": "#side"},
				"west": {"uv": [14, 3, 16, 11], "texture": "#side"},
				"up": {"uv": [7, 0, 9, 2], "texture": "#bottom"},
				"down": {"uv": [7, 0, 9, 2], "texture": "#top"}
			}
		},
		{
			"from": [2, 5, 7],
			"to": [0, 13, 9],
			"faces": {
				"north": {"uv": [0, 3, 2, 11], "texture": "#side"},
				"south": {"uv": [14, 3, 16, 11], "texture": "#side"},
				"up": {"uv": [0, 7, 2, 9], "texture": "#bottom"},
				"down": {"uv": [0, 7, 2, 9], "texture": "#top"}
			}
		},
		{
			"from": [7, 5, 16],
			"to": [9, 13, 14],
			"faces": {
				"east": {"uv": [14, 3, 16, 11], "texture": "#side"},
				"west": {"uv": [0, 3, 2, 11], "texture": "#side"},
				"up": {"uv": [7, 0, 9, 2], "texture": "#bottom"},
				"down": {"uv": [7, 14, 9, 16], "texture": "#top"}
			}
		},
		{
			"from": [16, 5, 7],
			"to": [14, 13, 9],
			"faces": {
				"north": {"uv": [14, 3, 16, 11], "texture": "#side"},
				"south": {"uv": [0, 3, 2, 11], "texture": "#side"},
				"up": {"uv": [14, 7, 16, 9], "texture": "#bottom"},
				"down": {"uv": [14, 7, 16, 9], "texture": "#top"}
			}
		}
	]
}