{
	"credit": "Made by Cr_L with Blockbench",
	"parent": "block/block",
	"textures": {
		"side": "tconstruct:blocks/table_side",
		"particle": "tconstruct:blocks/partbuilder_top",
		"top": "tconstruct:blocks/partbuilder_top",
		"bottom": "tconstruct:blocks/log_oak"
	},
	"elements": [
		{
			"from": [0, 12, 0],
			"to": [16, 15.5, 16],
			"faces": {
				"north": {"uv": [0, 0.5, 16, 4], "texture": "#side", "cullface": "north"},
				"east": {"uv": [0, 0.5, 16, 4], "texture": "#side", "cullface": "east"},
				"south": {"uv": [0, 0.5, 16, 4], "texture": "#side", "cullface": "south"},
				"west": {"uv": [0, 0.5, 16, 4], "texture": "#side", "cullface": "west"},
				"up": {"uv": [0, 0, 16, 16], "texture": "#top", "cullface": "up"},
				"down": {"uv": [0, 0, 16, 16], "texture": "#bottom"}
			}
		},
		{
			"from": [0, 15.5, 0],
			"to": [16, 16, 2],
			"faces": {
				"north": {"uv": [0, 0, 16, 1], "texture": "#side", "cullface": "north"},
				"east": {"uv": [14, 0, 16, 1], "texture": "#side", "cullface": "east"},
				"south": {"uv": [0, 14, 16, 15], "rotation": 180, "texture": "#top", "cullface": "up"},
				"west": {"uv": [0, 0, 2, 1], "texture": "#side", "cullface": "west"},
				"up": {"uv": [0, 14, 16, 16], "rotation": 180, "texture": "#top", "cullface": "up"}
			}
		},
		{
			"from": [0, 15.5, 14],
			"to": [16, 16, 16],
			"faces": {
				"north": {"uv": [0, 1, 16, 2], "texture": "#top", "cullface": "up"},
				"east": {"uv": [0, 0, 2, 1], "texture": "#side", "cullface": "east"},
				"south": {"uv": [0, 0, 16, 1], "texture": "#side", "cullface": "south"},
				"west": {"uv": [14, 0, 16, 1], "texture": "#side", "cullface": "west"},
				"up": {"uv": [0, 0, 16, 2], "rotation": 180, "texture": "#top", "cullface": "up"}
			}
		},
		{
			"from": [0, 15.5, 2],
			"to": [2, 16, 14],
			"faces": {
				"east": {"uv": [14, 2, 15, 14], "rotation": 270, "texture": "#top", "cullface": "up"},
				"west": {"uv": [2, 0, 14, 1], "texture": "#side", "cullface": "west"},
				"up": {"uv": [14, 2, 16, 14], "rotation": 180, "texture": "#top", "cullface": "up"}
			}
		},
		{
			"from": [14, 15.5, 2],
			"to": [16, 16, 14],
			"faces": {
				"east": {"uv": [2, 0, 14, 1], "texture": "#side", "cullface": "east"},
				"west": {"uv": [1, 2, 2, 14], "rotation": 90, "texture": "#top", "cullface": "up"},
				"up": {"uv": [0, 2, 2, 14], "rotation": 180, "texture": "#top", "cullface": "up"}
			}
		},
		{
			"from": [0, 0, 0],
			"to": [4, 12, 4],
			"faces": {
				"north": {"uv": [12, 4, 16, 16], "texture": "#bottom", "cullface": "north"},
				"east": {"uv": [0, 4, 4, 16], "texture": "#bottom"},
				"south": {"uv": [12, 4, 16, 16], "texture": "#bottom"},
				"west": {"uv": [0, 4, 4, 16], "texture": "#bottom", "cullface": "west"},
				"down": {"uv": [0, 12, 4, 16], "texture": "#bottom", "cullface": "down"}
			}
		},
		{
			"from": [12, 0, 0],
			"to": [16, 12, 4],
			"faces": {
				"north": {"uv": [0, 4, 4, 16], "texture": "#bottom", "cullface": "north"},
				"east": {"uv": [12, 4, 16, 16], "texture": "#bottom", "cullface": "east"},
				"south": {"uv": [0, 4, 4, 16], "texture": "#bottom"},
				"west": {"uv": [12, 4, 16, 16], "texture": "#bottom"},
				"down": {"uv": [12, 12, 16, 16], "texture": "#bottom", "cullface": "down"}
			}
		},
		{
			"from": [12, 0, 12],
			"to": [16, 12, 16],
			"faces": {
				"north": {"uv": [12, 4, 16, 16], "texture": "#bottom"},
				"east": {"uv": [0, 4, 4, 16], "texture": "#bottom", "cullface": "east"},
				"south": {"uv": [12, 4, 16, 16], "texture": "#bottom", "cullface": "south"},
				"west": {"uv": [0, 4, 4, 16], "texture": "#bottom"},
				"down": {"uv": [12, 0, 16, 4], "texture": "#bottom", "cullface": "down"}
			}
		},
		{
			"from": [0, 0, 12],
			"to": [4, 12, 16],
			"faces": {
				"north": {"uv": [0, 4, 4, 16], "texture": "#bottom"},
				"east": {"uv": [12, 4, 16, 16], "texture": "#bottom"},
				"south": {"uv": [0, 4, 4, 16], "texture": "#bottom", "cullface": "south"},
				"west": {"uv": [12, 4, 16, 16], "texture": "#bottom", "cullface": "west"},
				"down": {"uv": [0, 0, 4, 4], "texture": "#bottom", "cullface": "down"}
			}
		},
		{
			"from": [2, 15.5, 2],
			"to": [7, 16.5, 7],
			"faces": {
				"north": {"uv": [0, 14, 5, 15], "texture": "#top", "cullface": "up"},
				"east": {"uv": [9, 0, 14, 1], "texture": "#top", "cullface": "up"},
				"south": {"uv": [2, 0, 7, 1], "texture": "#top", "cullface": "up"},
				"west": {"uv": [2, 2, 7, 3], "texture": "#top", "cullface": "up"},
				"up": {"uv": [2, 2, 7, 7], "texture": "#top", "cullface": "up"}
			}
		},
		{
			"from": [2, 15.5, 9],
			"to": [7, 16.5, 14],
			"faces": {
				"north": {"uv": [0, 7, 5, 8], "texture": "#top", "cullface": "up"},
				"east": {"uv": [2, 15, 7, 16], "texture": "#top", "cullface": "up"},
				"south": {"uv": [0, 0, 5, 1], "texture": "#top", "cullface": "up"},
				"west": {"uv": [6, 15, 11, 16], "texture": "#top", "cullface": "up"},
				"up": {"uv": [2, 9, 7, 14], "texture": "#top", "cullface": "up"}
			}
		},
		{
			"from": [9, 15.5, 2],
			"to": [14, 16.5, 7],
			"faces": {
				"north": {"uv": [7, 14, 12, 15], "texture": "#top", "cullface": "up"},
				"east": {"uv": [3, 15, 8, 16], "texture": "#top", "cullface": "up"},
				"south": {"uv": [0, 0, 5, 1], "texture": "#top", "cullface": "up"},
				"west": {"uv": [3, 7, 8, 8], "texture": "#top", "cullface": "up"},
				"up": {"uv": [9, 2, 14, 7], "texture": "#top", "cullface": "up"}
			}
		},
		{
			"from": [9, 15.5, 9],
			"to": [14, 16.5, 14],
			"faces": {
				"north": {"uv": [7, 7, 12, 8], "texture": "#top", "cullface": "up"},
				"east": {"uv": [8, 0, 13, 1], "texture": "#top", "cullface": "up"},
				"south": {"uv": [10, 15, 15, 16], "texture": "#top", "cullface": "up"},
				"west": {"uv": [3, 14, 8, 15], "texture": "#top", "cullface": "up"},
				"up": {"uv": [9, 9, 14, 14], "texture": "#top", "cullface": "up"}
			}
		}
	]
}