{
	"credit": "Made by Cr_L with Blockbench",
	"parent": "block/block",
	"textures": {
		"particle": "#front",
		"front": "tconstruct:blocks/smeltery/seared_furnace_active",
		"side": "tconstruct:blocks/smeltery/seared_brick"
	},
	"elements": [
		{
			"from": [0, 0, 2],
			"to": [16, 16, 16],
			"faces": {
				"north": {"uv": [0, 0, 16, 16], "texture": "#front"},
				"east": {"uv": [0, 0, 14, 16], "texture": "#side", "cullface": "east"},
				"south": {"uv": [0, 0, 16, 16], "texture": "#side", "cullface": "south"},
				"west": {"uv": [2, 0, 16, 16], "texture": "#side", "cullface": "west"},
				"up": {"uv": [0, 2, 16, 16], "texture": "#side", "cullface": "up"},
				"down": {"uv": [0, 0, 16, 14], "texture": "#side", "cullface": "down"}
			}
		},
		{
			"from": [0, 0, 0],
			"to": [16, 4, 2],
			"faces": {
				"north": {"uv": [0, 12, 16, 16], "texture": "#front", "cullface": "north"},
				"east": {"uv": [14, 12, 16, 16], "texture": "#side", "cullface": "east"},
				"west": {"uv": [0, 12, 2, 16], "texture": "#side", "cullface": "west"},
				"up": {"uv": [0, 12, 16, 14], "texture": "#front", "cullface": "north"},
				"down": {"uv": [0, 14, 16, 16], "texture": "#side", "cullface": "down"}
			}
		},
		{
			"from": [0, 4, 0],
			"to": [4, 13, 2],
			"faces": {
				"north": {"uv": [12, 3, 16, 12], "texture": "#front", "cullface": "north"},
				"east": {"uv": [14, 3, 12, 12], "texture": "#front", "cullface": "north"},
				"west": {"uv": [0, 3, 2, 12], "texture": "#side", "cullface": "west"}
			}
		},
		{
			"from": [12, 4, 0],
			"to": [16, 13, 2],
			"faces": {
				"north": {"uv": [0, 3, 4, 12], "texture": "#front", "cullface": "north"},
				"east": {"uv": [0, 3, 2, 12], "texture": "#side", "cullface": "east"},
				"west": {"uv": [4, 3, 2, 12], "texture": "#front", "cullface": "north"}
			}
		},
		{
			"from": [0, 13, 0],
			"to": [16, 16, 2],
			"faces": {
				"north": {"uv": [0, 0, 16, 3], "texture": "#front", "cullface": "north"},
				"east": {"uv": [14, 0, 16, 3], "texture": "#side", "cullface": "east"},
				"west": {"uv": [0, 0, 2, 3], "texture": "#side", "cullface": "west"},
				"up": {"uv": [0, 0, 16, 2], "texture": "#side", "cullface": "up"},
				"down": {"uv": [0, 1, 16, 3], "texture": "#front", "cullface": "north"}
			}
		},
		{
			"from": [10, 12, 0.5],
			"to": [12, 13, 2],
			"faces": {
				"north": {"uv": [4, 3, 6, 4], "texture": "#front", "cullface": "north"},
				"west": {"uv": [5, 3, 6, 4], "texture": "#front", "cullface": "north"},
				"down": {"uv": [4, 3, 6, 4], "texture": "#front", "cullface": "north"}
			}
		},
		{
			"from": [4, 12, 0.5],
			"to": [6, 13, 2],
			"faces": {
				"north": {"uv": [10, 3, 12, 4], "texture": "#front", "cullface": "north"},
				"east": {"uv": [10, 3, 11, 4], "texture": "#front", "cullface": "north"},
				"down": {"uv": [10, 3, 12, 4], "texture": "#front", "cullface": "north"}
			}
		},
		{
			"from": [11, 11, 0.5],
			"to": [12, 12, 2],
			"faces": {
				"north": {"uv": [4, 4, 5, 5], "texture": "#front", "cullface": "north"},
				"west": {"uv": [4, 4, 5, 5], "texture": "#front", "cullface": "north"},
				"down": {"uv": [4, 4, 5, 5], "texture": "#front", "cullface": "north"}
			}
		},
		{
			"from": [4, 11, 0.5],
			"to": [5, 12, 2],
			"faces": {
				"north": {"uv": [11, 4, 12, 5], "texture": "#front", "cullface": "north"},
				"east": {"uv": [11, 4, 12, 5], "texture": "#front", "cullface": "north"},
				"down": {"uv": [11, 4, 12, 5], "texture": "#front", "cullface": "north"}
			}
		}
	]
}