{
	"credit": "Made by Cr_L with Blockbench",
	"parent": "block/block",
	"textures": {
		"front": "tconstruct:blocks/smeltery/smeltery_inactive",
		"side": "tconstruct:blocks/smeltery/seared_brick",
		"particle": "tconstruct:blocks/smeltery/smeltery_inactive"
	},
	"elements": [
		{
			"from": [0, 0, 0],
			"to": [16, 16, 16],
			"faces": {
				"east": {"uv": [0, 0, 16, 16], "texture": "#side", "cullface": "east"},
				"south": {"uv": [0, 0, 16, 16], "texture": "#side", "cullface": "south"},
				"west": {"uv": [0, 0, 16, 16], "texture": "#side", "cullface": "west"},
				"up": {"uv": [0, 0, 16, 16], "rotation": 180, "texture": "#side", "cullface": "up"},
				"down": {"uv": [0, 0, 16, 16], "rotation": 180, "texture": "#side", "cullface": "down"}
			}
		},
		{
			"from": [4, 2, -1],
			"to": [10, 4, 0],
			"faces": {
				"north": {"uv": [6, 12, 12, 14], "texture": "#front", "cullface": "north"},
				"west": {"uv": [11, 12, 12, 14], "texture": "#front", "cullface": "north"},
				"up": {"uv": [6, 12, 12, 13], "rotation": 180, "texture": "#front", "cullface": "north"},
				"down": {"uv": [6, 13, 12, 14], "rotation": 180, "texture": "#front", "cullface": "north"}
			}
		},
		{
			"from": [8, 4, -1],
			"to": [9, 7, 0],
			"faces": {
				"north": {"uv": [7, 9, 8, 12], "texture": "#front", "cullface": "north"},
				"east": {"uv": [7, 9, 8, 12], "texture": "#front", "cullface": "north"},
				"west": {"uv": [7, 9, 8, 12], "texture": "#front", "cullface": "north"}
			}
		},
		{
			"from": [6, 4, -1],
			"to": [7, 7, 0],
			"faces": {
				"north": {"uv": [9, 9, 10, 12], "texture": "#front", "cullface": "north"},
				"east": {"uv": [9, 9, 10, 12], "texture": "#front", "cullface": "north"},
				"west": {"uv": [9, 9, 10, 12], "texture": "#front", "cullface": "north"}
			}
		},
		{
			"from": [4, 4, -1],
			"to": [5, 7, 0],
			"faces": {
				"north": {"uv": [11, 9, 12, 12], "texture": "#front", "cullface": "north"},
				"east": {"uv": [11, 9, 12, 12], "texture": "#front", "cullface": "north"},
				"west": {"uv": [11, 9, 12, 12], "texture": "#front", "cullface": "north"}
			}
		},
		{
			"from": [12, 4, -1],
			"to": [13, 6, 0],
			"faces": {
				"north": {"uv": [3, 10, 4, 12], "texture": "#front", "cullface": "north"},
				"east": {"uv": [3, 10, 4, 12], "texture": "#front", "cullface": "north"},
				"up": {"uv": [3, 10, 4, 11], "texture": "#front", "cullface": "north"},
				"down": {"uv": [3, 11, 4, 12], "texture": "#front", "cullface": "north"}
			}
		},
		{
			"from": [4, 7, -1],
			"to": [10, 8, 0],
			"faces": {
				"north": {"uv": [6, 8, 12, 9], "texture": "#front", "cullface": "north"},
				"west": {"uv": [11, 8, 12, 9], "texture": "#front", "cullface": "north"},
				"up": {"uv": [6, 8, 12, 9], "rotation": 180, "texture": "#front", "cullface": "north"},
				"down": {"uv": [6, 8, 12, 9], "rotation": 180, "texture": "#front", "cullface": "north"}
			}
		},
		{
			"from": [10, 2, -1],
			"to": [12, 8, 0],
			"faces": {
				"north": {"uv": [4, 8, 6, 14], "texture": "#front", "cullface": "north"},
				"east": {"uv": [4, 8, 5, 14], "texture": "#front", "cullface": "north"},
				"west": {"uv": [5, 8, 6, 14], "texture": "#front", "cullface": "north"},
				"up": {"uv": [4, 8, 6, 9], "texture": "#front", "cullface": "north"},
				"down": {"uv": [4, 13, 6, 14], "texture": "#front", "cullface": "north"}
			}
		},
		{
			"from": [1, 15, 1],
			"to": [15, 1, 15],
			"faces": {
				"east": {"uv": [1, 1, 15, 15], "rotation": 180, "texture": "#side", "cullface": "north"},
				"south": {"uv": [1, 1, 15, 15], "rotation": 180, "texture": "#side", "cullface": "north"},
				"west": {"uv": [1, 1, 15, 15], "rotation": 180, "texture": "#side", "cullface": "north"},
				"up": {"uv": [1, 1, 15, 15], "texture": "#side", "cullface": "north"},
				"down": {"uv": [1, 1, 15, 15], "rotation": 180, "texture": "#side", "cullface": "north"}
			}
		},
		{
			"from": [0, 0, 0],
			"to": [16, 4, 1],
			"faces": {
				"north": {"uv": [0, 12, 16, 16], "texture": "#front", "cullface": "north"},
				"up": {"uv": [0, 12, 16, 13], "rotation": 180, "texture": "#side", "cullface": "north"}
			}
		},
		{
			"from": [0, 4, 0],
			"to": [4, 14, 1],
			"faces": {
				"north": {"uv": [12, 2, 16, 12], "texture": "#front", "cullface": "north"},
				"east": {"uv": [13, 2, 14, 12], "texture": "#front", "cullface": "north"}
			}
		},
		{
			"from": [12, 4, 0],
			"to": [16, 14, 1],
			"faces": {
				"north": {"uv": [0, 2, 4, 12], "texture": "#front", "cullface": "north"},
				"west": {"uv": [2, 2, 3, 12], "texture": "#front", "cullface": "north"}
			}
		},
		{
			"from": [0, 14, 0],
			"to": [16, 16, 1],
			"faces": {
				"north": {"uv": [0, 0, 16, 2], "texture": "#front", "cullface": "north"},
				"down": {"uv": [0, 0, 16, 1], "rotation": 180, "texture": "#front", "cullface": "north"}
			}
		},
		{
			"from": [4, 7, 0],
			"to": [12, 11, 1],
			"faces": {
				"north": {"uv": [4, 5, 12, 9], "texture": "#front", "cullface": "north"},
				"up": {"uv": [4, 6, 12, 7], "rotation": 180, "texture": "#front", "cullface": "north"},
				"down": {"uv": [4, 7, 12, 8], "rotation": 180, "texture": "#front", "cullface": "north"}
			}
		},
		{
			"from": [1, 8, 1],
			"to": [15, 10, 15],
			"faces": {
				"up": {"uv": [1, 1, 15, 15], "texture": "#side", "cullface": "north"},
				"down": {"uv": [1, 1, 15, 15], "texture": "#side", "cullface": "north"}
			}
		},
		{
			"from": [3, 10, -1],
			"to": [13, 11, 0],
			"faces": {
				"north": {"uv": [3, 5, 13, 6], "texture": "#front", "cullface": "north"},
				"east": {"uv": [3, 5, 4, 6], "texture": "#front", "cullface": "north"},
				"west": {"uv": [12, 5, 13, 6], "texture": "#front", "cullface": "north"},
				"up": {"uv": [3, 5, 13, 6], "rotation": 180, "texture": "#front", "cullface": "north"},
				"down": {"uv": [3, 5, 13, 6], "rotation": 180, "texture": "#front", "cullface": "north"}
			}
		},
		{
			"from": [3, 14, -1],
			"to": [13, 15, 0],
			"faces": {
				"north": {"uv": [3, 1, 13, 2], "texture": "#front", "cullface": "north"},
				"east": {"uv": [3, 1, 4, 2], "texture": "#front", "cullface": "north"},
				"west": {"uv": [12, 1, 13, 2], "texture": "#front", "cullface": "north"},
				"up": {"uv": [3, 1, 13, 2], "rotation": 180, "texture": "#front", "cullface": "north"},
				"down": {"uv": [3, 1, 13, 2], "rotation": 180, "texture": "#front", "cullface": "north"}
			}
		},
		{
			"from": [3, 11, -1],
			"to": [4, 14, 0],
			"faces": {
				"north": {"uv": [12, 2, 13, 5], "texture": "#front", "cullface": "north"},
				"east": {"uv": [12, 2, 13, 5], "texture": "#front", "cullface": "north"},
				"west": {"uv": [12, 2, 13, 5], "texture": "#front", "cullface": "north"}
			}
		},
		{
			"from": [12, 11, -1],
			"to": [13, 14, 0],
			"faces": {
				"north": {"uv": [3, 2, 4, 5], "texture": "#front", "cullface": "north"},
				"east": {"uv": [3, 2, 4, 5], "texture": "#front", "cullface": "north"},
				"west": {"uv": [3, 2, 4, 5], "texture": "#front", "cullface": "north"}
			}
		}
	]
}