{
	"credit": "Made by Cr_L with Blockbench",
	"parent": "block/block",
	"textures": {
		"particle": "tconstruct:blocks/smeltery/tinker_tank",
		"front": "tconstruct:blocks/smeltery/tinker_tank",
		"side": "tconstruct:blocks/smeltery/seared_brick"
	},
	"elements": [
		{
			"from": [0, 0, 0],
			"to": [16, 16, 16],
			"faces": {
				"east": {"uv": [0, 0, 16, 16], "texture": "#side", "cullface": "east"},
				"south": {"uv": [0, 0, 16, 16], "texture": "#side", "cullface": "south"},
				"west": {"uv": [0, 0, 16, 16], "texture": "#side", "cullface": "west"},
				"up": {"uv": [0, 0, 16, 16], "texture": "#side", "cullface": "up"},
				"down": {"uv": [0, 0, 16, 16], "texture": "#side", "cullface": "down"}
			}
		},
		{
			"from": [2, 14, 2],
			"to": [14, 2, 14],
			"faces": {
				"east": {"uv": [1, 1, 15, 15], "rotation": 180, "texture": "#side", "cullface": "north"},
				"south": {"uv": [1, 1, 15, 15], "rotation": 180, "texture": "#side", "cullface": "north"},
				"west": {"uv": [1, 1, 15, 15], "rotation": 180, "texture": "#side", "cullface": "north"},
				"up": {"uv": [1, 1, 15, 15], "rotation": 180, "texture": "#side", "cullface": "north"},
				"down": {"uv": [1, 1, 15, 15], "rotation": 180, "texture": "#side", "cullface": "north"}
			}
		},
		{
			"from": [13, 0, 0],
			"to": [16, 16, 2],
			"faces": {
				"north": {"uv": [0, 0, 3, 16], "texture": "#front", "cullface": "north"},
				"west": {"uv": [2, 0, 3, 16], "texture": "#front", "cullface": "north"}
			}
		},
		{
			"from": [0, 0, 0],
			"to": [3, 16, 2],
			"faces": {
				"north": {"uv": [13, 0, 16, 16], "texture": "#front", "cullface": "north"},
				"east": {"uv": [13, 0, 14, 16], "texture": "#front", "cullface": "north"}
			}
		},
		{
			"from": [3, 0, 0],
			"to": [13, 3, 2],
			"faces": {
				"north": {"uv": [3, 13, 13, 16], "texture": "#front", "cullface": "north"},
				"up": {"uv": [3, 13, 13, 14], "texture": "#front", "cullface": "north"}
			}
		},
		{
			"from": [3, 13, 0],
			"to": [13, 16, 2],
			"faces": {
				"north": {"uv": [3, 0, 13, 3], "texture": "#front", "cullface": "north"},
				"down": {"uv": [3, 2, 13, 3], "texture": "#front", "cullface": "north"}
			}
		},
		{
			"from": [5, 3, 0],
			"to": [7, 13, 2],
			"faces": {
				"north": {"uv": [9, 3, 11, 13], "texture": "#front", "cullface": "north"},
				"east": {"uv": [9, 3, 10, 13], "texture": "#front", "cullface": "north"},
				"west": {"uv": [10, 3, 11, 13], "texture": "#front", "cullface": "north"}
			}
		},
		{
			"from": [9, 3, 0],
			"to": [11, 13, 2],
			"faces": {
				"north": {"uv": [5, 3, 7, 13], "texture": "#front", "cullface": "north"},
				"east": {"uv": [5, 3, 6, 13], "texture": "#front", "cullface": "north"},
				"west": {"uv": [6, 3, 7, 13], "texture": "#front", "cullface": "north"}
			}
		}
	]
}