{
	"credit": "Made with Blockbench",
	"parent": "block/block",
	"textures": {
		"particle": "draconicevolution:blocks/stabilized_spawner"
	},
	"elements": [
		{
			"name": "WU",
			"from": [0, 0, 1],
			"to": [1, 1, 15],
			"faces": {
				"east": {"uv": [1, 15, 15, 16], "texture": "#particle"},
				"west": {"uv": [1, 15, 15, 16], "texture": "#particle", "cullface": "west"},
				"up": {"uv": [1, 15, 15, 16], "rotation": 90, "texture": "#particle"},
				"down": {"uv": [0, 1, 1, 15], "texture": "#particle", "cullface": "down"}
			}
		},
		{
			"name": "EU",
			"from": [15, 0, 1],
			"to": [16, 1, 15],
			"faces": {
				"east": {"uv": [1, 15, 15, 16], "texture": "#particle", "cullface": "east"},
				"west": {"uv": [1, 15, 15, 16], "texture": "#particle"},
				"up": {"uv": [1, 15, 15, 16], "rotation": 270, "texture": "#particle"},
				"down": {"uv": [15, 1, 16, 15], "texture": "#particle", "cullface": "down"}
			}
		},
		{
			"name": "NU",
			"from": [0, 0, 0],
			"to": [16, 1, 1],
			"faces": {
				"north": {"uv": [0, 15, 16, 16], "texture": "#particle", "cullface": "north"},
				"east": {"uv": [15, 15, 16, 16], "texture": "#particle", "cullface": "east"},
				"south": {"uv": [0, 15, 16, 16], "texture": "#particle"},
				"west": {"uv": [0, 15, 1, 16], "texture": "#particle", "cullface": "west"},
				"up": {"uv": [0, 15, 16, 16], "rotation": 180, "texture": "#particle"},
				"down": {"uv": [0, 15, 16, 16], "texture": "#particle", "cullface": "down"}
			}
		},
		{
			"name": "SU",
			"from": [0, 0, 15],
			"to": [16, 1, 16],
			"faces": {
				"north": {"uv": [0, 15, 16, 16], "texture": "#particle"},
				"east": {"uv": [0, 15, 1, 16], "texture": "#particle", "cullface": "east"},
				"south": {"uv": [0, 15, 16, 16], "texture": "#particle", "cullface": "south"},
				"west": {"uv": [15, 15, 16, 16], "texture": "#particle", "cullface": "west"},
				"up": {"uv": [0, 15, 16, 16], "texture": "#particle"},
				"down": {"uv": [0, 0, 16, 1], "texture": "#particle", "cullface": "down"}
			}
		},
		{
			"name": "NWM",
			"from": [0, 1, 0],
			"to": [1, 15, 1],
			"faces": {
				"north": {"uv": [15, 1, 16, 15], "texture": "#particle", "cullface": "north"},
				"east": {"uv": [0, 1, 1, 15], "texture": "#particle"},
				"south": {"uv": [0, 1, 1, 15], "texture": "#particle"},
				"west": {"uv": [0, 1, 1, 15], "texture": "#particle", "cullface": "west"}
			}
		},
		{
			"name": "NEM",
			"from": [15, 1, 0],
			"to": [16, 15, 1],
			"faces": {
				"north": {"uv": [0, 1, 1, 15], "texture": "#particle", "cullface": "north"},
				"east": {"uv": [15, 1, 16, 15], "texture": "#particle", "cullface": "east"},
				"south": {"uv": [15, 1, 16, 15], "texture": "#particle"},
				"west": {"uv": [15, 1, 16, 15], "texture": "#particle"}
			}
		},
		{
			"name": "SWM",
			"from": [0, 1, 15],
			"to": [1, 15, 16],
			"faces": {
				"north": {"uv": [15, 1, 16, 15], "texture": "#particle"},
				"east": {"uv": [0, 1, 1, 15], "texture": "#particle"},
				"south": {"uv": [0, 1, 1, 15], "texture": "#particle", "cullface": "south"},
				"west": {"uv": [15, 1, 16, 15], "texture": "#particle", "cullface": "west"}
			}
		},
		{
			"name": "SEM",
			"from": [15, 1, 15],
			"to": [16, 15, 16],
			"faces": {
				"north": {"uv": [0, 1, 1, 15], "texture": "#particle"},
				"east": {"uv": [0, 1, 1, 15], "texture": "#particle", "cullface": "east"},
				"south": {"uv": [15, 1, 16, 15], "texture": "#particle", "cullface": "south"},
				"west": {"uv": [15, 1, 16, 15], "texture": "#particle"}
			}
		},
		{
			"name": "WT",
			"from": [0, 15, 1],
			"to": [1, 16, 15],
			"faces": {
				"east": {"uv": [1, 0, 15, 1], "texture": "#particle"},
				"west": {"uv": [1, 0, 15, 1], "texture": "#particle", "cullface": "west"},
				"up": {"uv": [0, 1, 1, 15], "texture": "#particle", "cullface": "up"},
				"down": {"uv": [1, 0, 15, 1], "rotation": 270, "texture": "#particle"}
			}
		},
		{
			"name": "ET",
			"from": [15, 15, 1],
			"to": [16, 16, 15],
			"faces": {
				"east": {"uv": [1, 0, 15, 1], "texture": "#particle", "cullface": "east"},
				"west": {"uv": [1, 0, 15, 1], "texture": "#particle"},
				"up": {"uv": [15, 1, 16, 15], "texture": "#particle", "cullface": "up"},
				"down": {"uv": [1, 0, 15, 1], "rotation": 90, "texture": "#particle"}
			}
		},
		{
			"name": "NT",
			"from": [0, 15, 0],
			"to": [16, 16, 1],
			"faces": {
				"north": {"uv": [0, 0, 16, 1], "texture": "#particle", "cullface": "north"},
				"east": {"uv": [15, 0, 16, 1], "texture": "#particle", "cullface": "east"},
				"south": {"uv": [0, 0, 16, 1], "texture": "#particle"},
				"west": {"uv": [0, 0, 1, 1], "texture": "#particle", "cullface": "west"},
				"up": {"uv": [0, 0, 16, 1], "texture": "#particle", "cullface": "up"},
				"down": {"uv": [0, 0, 16, 1], "rotation": 180, "texture": "#particle"}
			}
		},
		{
			"name": "ST",
			"from": [0, 15, 15],
			"to": [16, 16, 16],
			"faces": {
				"north": {"uv": [0, 0, 16, 1], "texture": "#particle"},
				"east": {"uv": [0, 0, 1, 1], "texture": "#particle", "cullface": "east"},
				"south": {"uv": [0, 0, 16, 1], "texture": "#particle", "cullface": "south"},
				"west": {"uv": [15, 0, 16, 1], "texture": "#particle", "cullface": "west"},
				"up": {"uv": [0, 15, 16, 16], "texture": "#particle", "cullface": "up"},
				"down": {"uv": [0, 0, 16, 1], "texture": "#particle"}
			}
		},
		{
			"from": [0.5, 0.5, 0.5],
			"to": [15.5, 15.5, 15.5],
			"faces": {
				"north": {"uv": [0.5, 0.5, 15.5, 15.5], "texture": "#particle"},
				"east": {"uv": [0.5, 0.5, 15.5, 15.5], "texture": "#particle"},
				"south": {"uv": [0.5, 0.5, 15.5, 15.5], "texture": "#particle"},
				"west": {"uv": [0.5, 0.5, 15.5, 15.5], "texture": "#particle"},
				"up": {"uv": [0.5, 0.5, 15.5, 15.5], "texture": "#particle"},
				"down": {"uv": [0.5, 0.5, 15.5, 15.5], "texture": "#particle"}
			}
		},
		{
			"from": [13, 1, 0.3],
			"to": [14, 15, 0.8],
			"faces": {
				"north": {"uv": [2, 1, 3, 15], "texture": "#particle", "cullface": "north"},
				"east": {"uv": [2, 1, 2.5, 15], "texture": "#particle"},
				"south": {"uv": [2, 1, 3, 15], "texture": "#particle"},
				"west": {"uv": [2, 1, 2.5, 15], "texture": "#particle"}
			}
		},
		{
			"from": [2, 1, 0.3],
			"to": [3, 15, 0.8],
			"faces": {
				"north": {"uv": [13, 1, 14, 15], "texture": "#particle", "cullface": "north"},
				"east": {"uv": [13, 1, 13.5, 15], "texture": "#particle"},
				"south": {"uv": [13, 1, 14, 15], "texture": "#particle"},
				"west": {"uv": [13, 1, 13.5, 15], "texture": "#particle"}
			}
		},
		{
			"from": [6, 1, 0.3],
			"to": [7, 15, 0.8],
			"faces": {
				"north": {"uv": [9, 1, 10, 15], "texture": "#particle", "cullface": "north"},
				"east": {"uv": [9, 1, 9.5, 15], "texture": "#particle"},
				"south": {"uv": [9, 1, 10, 15], "texture": "#particle"},
				"west": {"uv": [9, 1, 9.5, 15], "texture": "#particle"}
			}
		},
		{
			"from": [9, 1, 0.3],
			"to": [10, 15, 0.8],
			"faces": {
				"north": {"uv": [6, 1, 7, 15], "texture": "#particle", "cullface": "north"},
				"east": {"uv": [6, 1, 6.5, 15], "texture": "#particle"},
				"south": {"uv": [6, 1, 7, 15], "texture": "#particle"},
				"west": {"uv": [6, 1, 6.5, 15], "texture": "#particle"}
			}
		},
		{
			"from": [1, 4, 0.2],
			"to": [15, 5, 0.7],
			"faces": {
				"north": {"uv": [1, 11, 15, 12], "texture": "#particle", "cullface": "north"},
				"south": {"uv": [1, 11, 15, 12], "texture": "#particle"},
				"up": {"uv": [1, 11, 15, 11.5], "texture": "#particle"},
				"down": {"uv": [1, 12, 15, 11.5], "texture": "#particle"}
			}
		},
		{
			"from": [4, 12, 0.2],
			"to": [12, 13, 0.7],
			"faces": {
				"north": {"uv": [4, 3, 12, 4], "texture": "#particle", "cullface": "north"},
				"south": {"uv": [4, 3, 12, 4], "texture": "#particle"},
				"up": {"uv": [4, 4, 12, 3.5], "texture": "#particle"},
				"down": {"uv": [4, 3, 12, 3.5], "texture": "#particle"}
			}
		},
		{
			"from": [1, 8, 0.2],
			"to": [15, 9, 0.7],
			"faces": {
				"north": {"uv": [1, 7, 15, 8], "texture": "#particle", "cullface": "north"},
				"south": {"uv": [1, 7, 15, 8], "texture": "#particle"},
				"up": {"uv": [1, 8, 15, 7.5], "texture": "#particle"},
				"down": {"uv": [1, 7, 15, 7.5], "texture": "#particle"}
			}
		},
		{
			"from": [12, 10, -0.1],
			"to": [15, 13, 0.9],
			"faces": {
				"north": {"uv": [1, 3, 4, 6], "texture": "#particle", "cullface": "north"},
				"east": {"uv": [3, 3, 4, 6], "texture": "#particle"},
				"south": {"uv": [1, 3, 4, 6], "texture": "#particle"},
				"west": {"uv": [3, 3, 4, 6], "texture": "#particle"},
				"up": {"uv": [1, 3, 4, 4], "rotation": 180, "texture": "#particle"},
				"down": {"uv": [1, 5, 4, 6], "texture": "#particle"}
			}
		},
		{
			"from": [1, 10, -0.15],
			"to": [4, 13, 0.85],
			"faces": {
				"north": {"uv": [12, 3, 15, 6], "texture": "#particle", "cullface": "north"},
				"east": {"uv": [14, 3, 15, 6], "texture": "#particle"},
				"south": {"uv": [12, 3, 15, 6], "texture": "#particle"},
				"west": {"uv": [14, 3, 15, 6], "texture": "#particle"},
				"up": {"uv": [12, 3, 15, 4], "rotation": 180, "texture": "#particle"},
				"down": {"uv": [12, 5, 15, 6], "texture": "#particle"}
			}
		},
		{
			"from": [5, 6, -0.5],
			"to": [11, 10, 0.5],
			"faces": {
				"north": {"uv": [5, 6, 11, 10], "texture": "#particle", "cullface": "north"},
				"east": {"uv": [5, 6, 6, 10], "texture": "#particle"},
				"south": {"uv": [5, 6, 11, 10], "texture": "#particle"},
				"west": {"uv": [10, 6, 11, 10], "texture": "#particle"},
				"up": {"uv": [5, 6, 11, 7], "texture": "#particle"},
				"down": {"uv": [5, 9, 11, 10], "texture": "#particle"}
			}
		},
		{
			"from": [7, 5, -0.5],
			"to": [9, 6, 0.5],
			"faces": {
				"north": {"uv": [7, 10, 9, 11], "texture": "#particle", "cullface": "north"},
				"east": {"uv": [7, 10, 8, 11], "texture": "#particle"},
				"south": {"uv": [7, 10, 9, 11], "texture": "#particle"},
				"west": {"uv": [8, 10, 9, 11], "texture": "#particle"},
				"down": {"uv": [7, 10, 9, 11], "texture": "#particle"}
			}
		},
		{
			"from": [0.3, 1, 2],
			"to": [0.8, 15, 3],
			"faces": {
				"north": {"uv": [2, 1, 2.5, 15], "texture": "#particle"},
				"east": {"uv": [2, 1, 3, 15], "texture": "#particle"},
				"south": {"uv": [2, 1, 2.5, 15], "texture": "#particle"},
				"west": {"uv": [2, 1, 3, 15], "texture": "#particle", "cullface": "west"}
			}
		},
		{
			"from": [0.3, 1, 13],
			"to": [0.8, 15, 14],
			"faces": {
				"north": {"uv": [13, 1, 13.5, 15], "texture": "#particle"},
				"east": {"uv": [13, 1, 14, 15], "texture": "#particle"},
				"south": {"uv": [13, 1, 13.5, 15], "texture": "#particle"},
				"west": {"uv": [13, 1, 14, 15], "texture": "#particle", "cullface": "west"}
			}
		},
		{
			"from": [0.3, 1, 9],
			"to": [0.8, 15, 10],
			"faces": {
				"north": {"uv": [9, 1, 9.5, 15], "texture": "#particle"},
				"east": {"uv": [9, 1, 10, 15], "texture": "#particle"},
				"south": {"uv": [9, 1, 9.5, 15], "texture": "#particle"},
				"west": {"uv": [9, 1, 10, 15], "texture": "#particle", "cullface": "west"}
			}
		},
		{
			"from": [0.3, 1, 6],
			"to": [0.8, 15, 7],
			"faces": {
				"north": {"uv": [6, 1, 6.5, 15], "texture": "#particle"},
				"east": {"uv": [6, 1, 7, 15], "texture": "#particle"},
				"south": {"uv": [6, 1, 6.5, 15], "texture": "#particle"},
				"west": {"uv": [6, 1, 7, 15], "texture": "#particle", "cullface": "west"}
			}
		},
		{
			"from": [0.2, 4, 1],
			"to": [0.7, 5, 15],
			"faces": {
				"east": {"uv": [1, 11, 15, 12], "texture": "#particle"},
				"west": {"uv": [1, 11, 15, 12], "texture": "#particle", "cullface": "west"},
				"up": {"uv": [1, 11, 15, 11.5], "rotation": 270, "texture": "#particle"},
				"down": {"uv": [1, 12, 15, 11.5], "rotation": 90, "texture": "#particle"}
			}
		},
		{
			"from": [0.2, 12, 4],
			"to": [0.7, 13, 12],
			"faces": {
				"east": {"uv": [4, 3, 12, 4], "texture": "#particle"},
				"west": {"uv": [4, 3, 12, 4], "texture": "#particle", "cullface": "west"},
				"up": {"uv": [4, 4, 12, 3.5], "rotation": 270, "texture": "#particle"},
				"down": {"uv": [4, 3, 12, 3.5], "rotation": 90, "texture": "#particle"}
			}
		},
		{
			"from": [0.2, 8, 1],
			"to": [0.7, 9, 15],
			"faces": {
				"east": {"uv": [1, 7, 15, 8], "texture": "#particle"},
				"west": {"uv": [1, 7, 15, 8], "texture": "#particle", "cullface": "west"},
				"up": {"uv": [1, 8, 15, 7.5], "rotation": 270, "texture": "#particle"},
				"down": {"uv": [1, 7, 15, 7.5], "rotation": 90, "texture": "#particle"}
			}
		},
		{
			"from": [-0.1, 10, 1],
			"to": [0.9, 13, 4],
			"faces": {
				"north": {"uv": [3, 3, 4, 6], "texture": "#particle"},
				"east": {"uv": [1, 3, 4, 6], "texture": "#particle"},
				"south": {"uv": [3, 3, 4, 6], "texture": "#particle"},
				"west": {"uv": [1, 3, 4, 6], "texture": "#particle", "cullface": "west"},
				"up": {"uv": [1, 3, 4, 4], "rotation": 90, "texture": "#particle"},
				"down": {"uv": [1, 5, 4, 6], "rotation": 90, "texture": "#particle"}
			}
		},
		{
			"from": [-0.15, 10, 12],
			"to": [0.85, 13, 15],
			"faces": {
				"north": {"uv": [14, 3, 15, 6], "texture": "#particle"},
				"east": {"uv": [12, 3, 15, 6], "texture": "#particle"},
				"south": {"uv": [14, 3, 15, 6], "texture": "#particle"},
				"west": {"uv": [12, 3, 15, 6], "texture": "#particle", "cullface": "west"},
				"up": {"uv": [12, 3, 15, 4], "rotation": 90, "texture": "#particle"},
				"down": {"uv": [12, 5, 15, 6], "rotation": 90, "texture": "#particle"}
			}
		},
		{
			"from": [-0.5, 6, 5],
			"to": [0.5, 10, 11],
			"faces": {
				"north": {"uv": [5, 6, 6, 10], "texture": "#particle"},
				"east": {"uv": [5, 6, 11, 10], "texture": "#particle"},
				"south": {"uv": [10, 6, 11, 10], "texture": "#particle"},
				"west": {"uv": [5, 6, 11, 10], "texture": "#particle", "cullface": "west"},
				"up": {"uv": [5, 6, 11, 7], "rotation": 270, "texture": "#particle"},
				"down": {"uv": [5, 9, 11, 10], "rotation": 90, "texture": "#particle"}
			}
		},
		{
			"from": [-0.5, 5, 7],
			"to": [0.5, 6, 9],
			"faces": {
				"north": {"uv": [7, 10, 8, 11], "texture": "#particle"},
				"east": {"uv": [7, 10, 9, 11], "texture": "#particle"},
				"south": {"uv": [8, 10, 9, 11], "texture": "#particle"},
				"west": {"uv": [7, 10, 9, 11], "texture": "#particle", "cullface": "west"},
				"down": {"uv": [7, 10, 9, 11], "rotation": 90, "texture": "#particle"}
			}
		},
		{
			"from": [2, 1, 15.2],
			"to": [3, 15, 15.7],
			"faces": {
				"north": {"uv": [2, 1, 3, 15], "texture": "#particle"},
				"east": {"uv": [2, 1, 2.5, 15], "texture": "#particle"},
				"south": {"uv": [2, 1, 3, 15], "texture": "#particle", "cullface": "south"},
				"west": {"uv": [2, 1, 2.5, 15], "texture": "#particle"}
			}
		},
		{
			"from": [13, 1, 15.2],
			"to": [14, 15, 15.7],
			"faces": {
				"north": {"uv": [13, 1, 14, 15], "texture": "#particle"},
				"east": {"uv": [13, 1, 13.5, 15], "texture": "#particle"},
				"south": {"uv": [13, 1, 14, 15], "texture": "#particle", "cullface": "south"},
				"west": {"uv": [13, 1, 13.5, 15], "texture": "#particle"}
			}
		},
		{
			"from": [9, 1, 15.2],
			"to": [10, 15, 15.7],
			"faces": {
				"north": {"uv": [9, 1, 10, 15], "texture": "#particle"},
				"east": {"uv": [9, 1, 9.5, 15], "texture": "#particle"},
				"south": {"uv": [9, 1, 10, 15], "texture": "#particle", "cullface": "south"},
				"west": {"uv": [9, 1, 9.5, 15], "texture": "#particle"}
			}
		},
		{
			"from": [6, 1, 15.2],
			"to": [7, 15, 15.7],
			"faces": {
				"north": {"uv": [6, 1, 7, 15], "texture": "#particle"},
				"east": {"uv": [6, 1, 6.5, 15], "texture": "#particle"},
				"south": {"uv": [6, 1, 7, 15], "texture": "#particle", "cullface": "south"},
				"west": {"uv": [6, 1, 6.5, 15], "texture": "#particle"}
			}
		},
		{
			"from": [1, 4, 15.3],
			"to": [15, 5, 15.8],
			"faces": {
				"north": {"uv": [1, 11, 15, 12], "texture": "#particle"},
				"south": {"uv": [1, 11, 15, 12], "texture": "#particle", "cullface": "south"},
				"up": {"uv": [1, 11, 15, 11.5], "rotation": 180, "texture": "#particle"},
				"down": {"uv": [1, 12, 15, 11.5], "rotation": 180, "texture": "#particle"}
			}
		},
		{
			"from": [4, 12, 15.3],
			"to": [12, 13, 15.8],
			"faces": {
				"north": {"uv": [4, 3, 12, 4], "texture": "#particle"},
				"south": {"uv": [4, 3, 12, 4], "texture": "#particle", "cullface": "south"},
				"up": {"uv": [4, 4, 12, 3.5], "rotation": 180, "texture": "#particle"},
				"down": {"uv": [4, 3, 12, 3.5], "rotation": 180, "texture": "#particle"}
			}
		},
		{
			"from": [1, 8, 15.3],
			"to": [15, 9, 15.8],
			"faces": {
				"north": {"uv": [1, 7, 15, 8], "texture": "#particle"},
				"south": {"uv": [1, 7, 15, 8], "texture": "#particle", "cullface": "south"},
				"up": {"uv": [1, 8, 15, 7.5], "rotation": 180, "texture": "#particle"},
				"down": {"uv": [1, 7, 15, 7.5], "rotation": 180, "texture": "#particle"}
			}
		},
		{
			"from": [1, 10, 15.1],
			"to": [4, 13, 16.1],
			"faces": {
				"north": {"uv": [1, 3, 4, 6], "texture": "#particle"},
				"east": {"uv": [3, 3, 4, 6], "texture": "#particle"},
				"south": {"uv": [1, 3, 4, 6], "texture": "#particle", "cullface": "south"},
				"west": {"uv": [3, 3, 4, 6], "texture": "#particle"},
				"up": {"uv": [1, 3, 4, 4], "texture": "#particle"},
				"down": {"uv": [1, 5, 4, 6], "rotation": 180, "texture": "#particle"}
			}
		},
		{
			"from": [12, 10, 15.15],
			"to": [15, 13, 16.15],
			"faces": {
				"north": {"uv": [12, 3, 15, 6], "texture": "#particle"},
				"east": {"uv": [14, 3, 15, 6], "texture": "#particle"},
				"south": {"uv": [12, 3, 15, 6], "texture": "#particle", "cullface": "south"},
				"west": {"uv": [14, 3, 15, 6], "texture": "#particle"},
				"up": {"uv": [12, 3, 15, 4], "texture": "#particle"},
				"down": {"uv": [12, 5, 15, 6], "rotation": 180, "texture": "#particle"}
			}
		},
		{
			"from": [5, 6, 15.5],
			"to": [11, 10, 16.5],
			"faces": {
				"north": {"uv": [5, 6, 11, 10], "texture": "#particle"},
				"east": {"uv": [10, 6, 11, 10], "texture": "#particle"},
				"south": {"uv": [5, 6, 11, 10], "texture": "#particle", "cullface": "south"},
				"west": {"uv": [5, 6, 6, 10], "texture": "#particle"},
				"up": {"uv": [5, 6, 11, 7], "rotation": 180, "texture": "#particle"},
				"down": {"uv": [5, 9, 11, 10], "rotation": 180, "texture": "#particle"}
			}
		},
		{
			"from": [7, 5, 15.5],
			"to": [9, 6, 16.5],
			"faces": {
				"north": {"uv": [7, 10, 9, 11], "texture": "#particle"},
				"east": {"uv": [8, 10, 9, 11], "texture": "#particle"},
				"south": {"uv": [7, 10, 9, 11], "texture": "#particle", "cullface": "south"},
				"west": {"uv": [7, 10, 8, 11], "texture": "#particle"},
				"down": {"uv": [7, 10, 9, 11], "rotation": 180, "texture": "#particle"}
			}
		},
		{
			"from": [15.2, 1, 13],
			"to": [15.7, 15, 14],
			"faces": {
				"north": {"uv": [2, 1, 2.5, 15], "texture": "#particle"},
				"east": {"uv": [2, 1, 3, 15], "texture": "#particle", "cullface": "east"},
				"south": {"uv": [2, 1, 2.5, 15], "texture": "#particle"},
				"west": {"uv": [2, 1, 3, 15], "texture": "#particle"}
			}
		},
		{
			"from": [15.2, 1, 2],
			"to": [15.7, 15, 3],
			"faces": {
				"north": {"uv": [13, 1, 13.5, 15], "texture": "#particle"},
				"east": {"uv": [13, 1, 14, 15], "texture": "#particle", "cullface": "east"},
				"south": {"uv": [13, 1, 13.5, 15], "texture": "#particle"},
				"west": {"uv": [13, 1, 14, 15], "texture": "#particle"}
			}
		},
		{
			"from": [15.2, 1, 6],
			"to": [15.7, 15, 7],
			"faces": {
				"north": {"uv": [9, 1, 9.5, 15], "texture": "#particle"},
				"east": {"uv": [9, 1, 10, 15], "texture": "#particle", "cullface": "east"},
				"south": {"uv": [9, 1, 9.5, 15], "texture": "#particle"},
				"west": {"uv": [9, 1, 10, 15], "texture": "#particle"}
			}
		},
		{
			"from": [15.2, 1, 9],
			"to": [15.7, 15, 10],
			"faces": {
				"north": {"uv": [6, 1, 6.5, 15], "texture": "#particle"},
				"east": {"uv": [6, 1, 7, 15], "texture": "#particle", "cullface": "east"},
				"south": {"uv": [6, 1, 6.5, 15], "texture": "#particle"},
				"west": {"uv": [6, 1, 7, 15], "texture": "#particle"}
			}
		},
		{
			"from": [15.3, 4, 1],
			"to": [15.8, 5, 15],
			"faces": {
				"east": {"uv": [1, 11, 15, 12], "texture": "#particle", "cullface": "east"},
				"west": {"uv": [1, 11, 15, 12], "texture": "#particle"},
				"up": {"uv": [1, 11, 15, 11.5], "rotation": 90, "texture": "#particle"},
				"down": {"uv": [1, 12, 15, 11.5], "rotation": 270, "texture": "#particle"}
			}
		},
		{
			"from": [15.3, 12, 4],
			"to": [15.8, 13, 12],
			"faces": {
				"east": {"uv": [4, 3, 12, 4], "texture": "#particle", "cullface": "east"},
				"west": {"uv": [4, 3, 12, 4], "texture": "#particle"},
				"up": {"uv": [4, 4, 12, 3.5], "rotation": 90, "texture": "#particle"},
				"down": {"uv": [4, 3, 12, 3.5], "rotation": 270, "texture": "#particle"}
			}
		},
		{
			"from": [15.3, 8, 1],
			"to": [15.8, 9, 15],
			"faces": {
				"east": {"uv": [1, 7, 15, 8], "texture": "#particle", "cullface": "east"},
				"west": {"uv": [1, 7, 15, 8], "texture": "#particle"},
				"up": {"uv": [1, 8, 15, 7.5], "rotation": 90, "texture": "#particle"},
				"down": {"uv": [1, 7, 15, 7.5], "rotation": 270, "texture": "#particle"}
			}
		},
		{
			"from": [15.1, 10, 12],
			"to": [16.1, 13, 15],
			"faces": {
				"north": {"uv": [3, 3, 4, 6], "texture": "#particle"},
				"east": {"uv": [1, 3, 4, 6], "texture": "#particle", "cullface": "east"},
				"south": {"uv": [3, 3, 4, 6], "texture": "#particle"},
				"west": {"uv": [1, 3, 4, 6], "texture": "#particle"},
				"up": {"uv": [1, 3, 4, 4], "rotation": 270, "texture": "#particle"},
				"down": {"uv": [1, 5, 4, 6], "rotation": 270, "texture": "#particle"}
			}
		},
		{
			"from": [15.15, 10, 1],
			"to": [16.15, 13, 4],
			"faces": {
				"north": {"uv": [14, 3, 15, 6], "texture": "#particle"},
				"east": {"uv": [12, 3, 15, 6], "texture": "#particle", "cullface": "east"},
				"south": {"uv": [14, 3, 15, 6], "texture": "#particle"},
				"west": {"uv": [12, 3, 15, 6], "texture": "#particle"},
				"up": {"uv": [12, 3, 15, 4], "rotation": 270, "texture": "#particle"},
				"down": {"uv": [12, 5, 15, 6], "rotation": 270, "texture": "#particle"}
			}
		},
		{
			"from": [15.5, 6, 5],
			"to": [16.5, 10, 11],
			"faces": {
				"north": {"uv": [10, 6, 11, 10], "texture": "#particle"},
				"east": {"uv": [5, 6, 11, 10], "texture": "#particle", "cullface": "east"},
				"south": {"uv": [5, 6, 6, 10], "texture": "#particle"},
				"west": {"uv": [5, 6, 11, 10], "texture": "#particle"},
				"up": {"uv": [5, 6, 11, 7], "rotation": 90, "texture": "#particle"},
				"down": {"uv": [5, 9, 11, 10], "rotation": 270, "texture": "#particle"}
			}
		},
		{
			"from": [15.5, 5, 7],
			"to": [16.5, 6, 9],
			"faces": {
				"north": {"uv": [8, 10, 9, 11], "texture": "#particle"},
				"east": {"uv": [7, 10, 9, 11], "texture": "#particle", "cullface": "east"},
				"south": {"uv": [7, 10, 8, 11], "texture": "#particle"},
				"west": {"uv": [7, 10, 9, 11], "texture": "#particle"},
				"down": {"uv": [7, 10, 9, 11], "rotation": 270, "texture": "#particle"}
			}
		},
		{
			"from": [2, 15.2, 1],
			"to": [3, 15.7, 15],
			"faces": {
				"east": {"uv": [2, 1, 2.5, 15], "rotation": 90, "texture": "#particle"},
				"west": {"uv": [2, 1, 2.5, 15], "rotation": 270, "texture": "#particle"},
				"up": {"uv": [2, 1, 3, 15], "texture": "#particle", "cullface": "up"},
				"down": {"uv": [13, 1, 14, 15], "texture": "#particle"}
			}
		},
		{
			"from": [4, 15.3, 3],
			"to": [12, 15.8, 4],
			"faces": {
				"north": {"uv": [4, 3, 12, 3.5], "texture": "#particle"},
				"south": {"uv": [4, 3, 12, 3.5], "texture": "#particle"},
				"up": {"uv": [4, 3, 12, 4], "texture": "#particle", "cullface": "up"},
				"down": {"uv": [4, 3, 12, 4], "texture": "#particle"}
			}
		},
		{
			"from": [1, 15.3, 7],
			"to": [15, 15.8, 8],
			"faces": {
				"north": {"uv": [1, 7, 15, 7.5], "texture": "#particle"},
				"south": {"uv": [1, 7, 15, 7.5], "texture": "#particle"},
				"up": {"uv": [1, 7, 15, 8], "texture": "#particle"},
				"down": {"uv": [1, 7, 15, 8], "texture": "#particle"}
			}
		},
		{
			"from": [6, 15.2, 1],
			"to": [7, 15.7, 15],
			"faces": {
				"east": {"uv": [6, 1, 6.5, 15], "rotation": 90, "texture": "#particle"},
				"west": {"uv": [6, 1, 6.5, 15], "rotation": 270, "texture": "#particle"},
				"up": {"uv": [6, 1, 7, 15], "texture": "#particle", "cullface": "up"},
				"down": {"uv": [9, 1, 10, 15], "texture": "#particle"}
			}
		},
		{
			"from": [9, 15.2, 1],
			"to": [10, 15.7, 15],
			"faces": {
				"east": {"uv": [9, 1, 9.5, 15], "rotation": 90, "texture": "#particle"},
				"west": {"uv": [9, 1, 9.5, 15], "rotation": 270, "texture": "#particle"},
				"up": {"uv": [9, 1, 10, 15], "texture": "#particle", "cullface": "up"},
				"down": {"uv": [6, 1, 7, 15], "texture": "#particle"}
			}
		},
		{
			"from": [13, 15.2, 1],
			"to": [14, 15.7, 15],
			"faces": {
				"east": {"uv": [13, 1, 13.5, 15], "rotation": 90, "texture": "#particle"},
				"west": {"uv": [13, 1, 13.5, 15], "rotation": 270, "texture": "#particle"},
				"up": {"uv": [13, 1, 14, 15], "texture": "#particle", "cullface": "up"},
				"down": {"uv": [2, 1, 3, 15], "texture": "#particle"}
			}
		},
		{
			"from": [1, 15.3, 11],
			"to": [15, 15.8, 12],
			"faces": {
				"north": {"uv": [1, 11, 15, 11.5], "texture": "#particle"},
				"south": {"uv": [1, 11, 15, 11.5], "texture": "#particle"},
				"up": {"uv": [1, 11, 15, 12], "texture": "#particle", "cullface": "up"},
				"down": {"uv": [1, 11, 15, 12], "texture": "#particle"}
			}
		},
		{
			"from": [1, 15, 3],
			"to": [4, 16, 6],
			"faces": {
				"north": {"uv": [1, 3, 4, 4], "rotation": 180, "texture": "#particle"},
				"east": {"uv": [3, 3, 4, 6], "rotation": 90, "texture": "#particle"},
				"south": {"uv": [1, 5, 4, 6], "texture": "#particle"},
				"up": {"uv": [1, 3, 4, 6], "texture": "#particle", "cullface": "up"},
				"down": {"uv": [1, 3, 4, 6], "rotation": 180, "texture": "#particle"}
			}
		},
		{
			"from": [12, 15, 3],
			"to": [15, 16, 6],
			"faces": {
				"north": {"uv": [12, 3, 15, 4], "rotation": 180, "texture": "#particle"},
				"south": {"uv": [12, 5, 15, 6], "texture": "#particle"},
				"west": {"uv": [12, 3, 13, 6], "rotation": 270, "texture": "#particle"},
				"up": {"uv": [12, 3, 15, 6], "texture": "#particle", "cullface": "up"},
				"down": {"uv": [12, 3, 15, 6], "rotation": 180, "texture": "#particle"}
			}
		},
		{
			"from": [5, 15, 6],
			"to": [11, 16, 10],
			"faces": {
				"north": {"uv": [5, 6, 11, 7], "rotation": 180, "texture": "#particle"},
				"east": {"uv": [10, 6, 11, 10], "rotation": 90, "texture": "#particle"},
				"south": {"uv": [5, 9, 11, 10], "texture": "#particle"},
				"west": {"uv": [5, 6, 6, 10], "rotation": 270, "texture": "#particle"},
				"up": {"uv": [5, 6, 11, 10], "texture": "#particle", "cullface": "up"},
				"down": {"uv": [5, 6, 11, 10], "rotation": 180, "texture": "#particle"}
			}
		},
		{
			"from": [7, 15, 10],
			"to": [9, 16, 11],
			"faces": {
				"east": {"uv": [8, 10, 9, 11], "texture": "#particle"},
				"south": {"uv": [7, 10, 9, 11], "texture": "#particle"},
				"west": {"uv": [7, 10, 8, 11], "texture": "#particle"},
				"up": {"uv": [7, 10, 9, 11], "texture": "#particle", "cullface": "up"},
				"down": {"uv": [7, 10, 9, 11], "texture": "#particle"}
			}
		},
		{
			"from": [2, 0.3, 1],
			"to": [3, 0.8, 15],
			"faces": {
				"east": {"uv": [13, 1, 13.5, 15], "rotation": 270, "texture": "#particle"},
				"west": {"uv": [13, 1, 13.5, 15], "rotation": 90, "texture": "#particle"},
				"up": {"uv": [13, 1, 14, 15], "rotation": 180, "texture": "#particle"},
				"down": {"uv": [2, 1, 3, 15], "texture": "#particle", "cullface": "down"}
			}
		},
		{
			"from": [6, 0.3, 1],
			"to": [7, 0.8, 15],
			"faces": {
				"east": {"uv": [9, 1, 9.5, 15], "rotation": 270, "texture": "#particle"},
				"west": {"uv": [9, 1, 9.5, 15], "rotation": 90, "texture": "#particle"},
				"up": {"uv": [9, 1, 10, 15], "rotation": 180, "texture": "#particle", "cullface": "down"},
				"down": {"uv": [6, 1, 7, 15], "texture": "#particle"}
			}
		},
		{
			"from": [9, 0.3, 1],
			"to": [10, 0.8, 15],
			"faces": {
				"east": {"uv": [6, 1, 6.5, 15], "rotation": 270, "texture": "#particle"},
				"west": {"uv": [6, 1, 6.5, 15], "rotation": 90, "texture": "#particle"},
				"up": {"uv": [6, 1, 7, 15], "rotation": 180, "texture": "#particle"},
				"down": {"uv": [9, 1, 10, 15], "texture": "#particle", "cullface": "down"}
			}
		},
		{
			"from": [13, 0.3, 1],
			"to": [14, 0.8, 15],
			"faces": {
				"east": {"uv": [2, 1, 2.5, 15], "rotation": 270, "texture": "#particle"},
				"west": {"uv": [2, 1, 2.5, 15], "rotation": 90, "texture": "#particle"},
				"up": {"uv": [2, 1, 3, 15], "rotation": 180, "texture": "#particle"},
				"down": {"uv": [13, 1, 14, 15], "texture": "#particle", "cullface": "down"}
			}
		},
		{
			"from": [4, 0.2, 12],
			"to": [12, 0.7, 13],
			"faces": {
				"north": {"uv": [4, 3, 12, 3.5], "texture": "#particle"},
				"south": {"uv": [4, 3, 12, 3.5], "texture": "#particle"},
				"up": {"uv": [4, 3, 12, 4], "texture": "#particle"},
				"down": {"uv": [4, 3, 12, 4], "texture": "#particle", "cullface": "down"}
			}
		},
		{
			"from": [1, 0.2, 8],
			"to": [15, 0.7, 9],
			"faces": {
				"north": {"uv": [1, 7, 15, 7.5], "texture": "#particle"},
				"south": {"uv": [1, 7, 15, 7.5], "texture": "#particle"},
				"up": {"uv": [1, 7, 15, 8], "rotation": 180, "texture": "#particle"},
				"down": {"uv": [1, 7, 15, 8], "texture": "#particle", "cullface": "down"}
			}
		},
		{
			"from": [1, 0.2, 4],
			"to": [15, 0.7, 5],
			"faces": {
				"north": {"uv": [1, 11, 15, 11.5], "texture": "#particle"},
				"south": {"uv": [1, 11, 15, 11.5], "texture": "#particle"},
				"up": {"uv": [1, 11, 15, 12], "texture": "#particle"},
				"down": {"uv": [1, 11, 15, 12], "texture": "#particle", "cullface": "down"}
			}
		},
		{
			"from": [5, 0, 6],
			"to": [11, 1, 10],
			"faces": {
				"north": {"uv": [5, 6, 11, 7], "texture": "#particle"},
				"east": {"uv": [10, 6, 11, 10], "rotation": 90, "texture": "#particle"},
				"south": {"uv": [5, 9, 11, 10], "rotation": 180, "texture": "#particle"},
				"west": {"uv": [5, 6, 6, 10], "rotation": 270, "texture": "#particle"},
				"up": {"uv": [5, 6, 11, 10], "rotation": 180, "texture": "#particle"},
				"down": {"uv": [5, 6, 11, 10], "texture": "#particle", "cullface": "down"}
			}
		},
		{
			"from": [7, 0, 5],
			"to": [9, 1, 6],
			"faces": {
				"north": {"uv": [7, 10, 9, 11], "texture": "#particle"},
				"east": {"uv": [7, 10, 8, 11], "texture": "#particle"},
				"west": {"uv": [8, 10, 9, 11], "texture": "#particle"},
				"up": {"uv": [7, 10, 9, 11], "texture": "#particle"},
				"down": {"uv": [7, 10, 9, 11], "texture": "#particle", "cullface": "down"}
			}
		},
		{
			"from": [12, 0, 10],
			"to": [15, 1, 13],
			"faces": {
				"north": {"uv": [0, 0, 3, 1], "texture": "#particle"},
				"south": {"uv": [1, 3, 4, 4], "rotation": 180, "texture": "#particle"},
				"west": {"uv": [3, 3, 4, 6], "rotation": 90, "texture": "#particle"},
				"up": {"uv": [1, 3, 4, 6], "rotation": 180, "texture": "#particle"},
				"down": {"uv": [1, 3, 4, 6], "texture": "#particle", "cullface": "down"}
			}
		},
		{
			"from": [1, 0, 10],
			"to": [4, 1, 13],
			"faces": {
				"north": {"uv": [12, 5, 15, 6], "texture": "#particle"},
				"east": {"uv": [12, 3, 13, 6], "rotation": 270, "texture": "#particle"},
				"south": {"uv": [12, 3, 15, 4], "rotation": 180, "texture": "#particle"},
				"up": {"uv": [12, 3, 15, 6], "rotation": 180, "texture": "#particle"},
				"down": {"uv": [12, 3, 15, 6], "texture": "#particle", "cullface": "down"}
			}
		}
	],
	"groups": [
		{
			"name": "F",
			"origin": [0, 0, 0],
			"color": 0,
			"children": [0, 1, 2, 3, 4, 5, 6, 7, 8, 9, 10, 11, 12]
		},
		{
			"name": "NF",
			"origin": [0, 0, 0],
			"color": 0,
			"children": [13, 14, 15, 16, 17, 18, 19, 20, 21, 22, 23]
		},
		{
			"name": "WF",
			"origin": [0, 0, 0],
			"color": 0,
			"children": [24, 25, 26, 27, 28, 29, 30, 31, 32, 33, 34]
		},
		{
			"name": "SF",
			"origin": [0, 0, 0],
			"color": 0,
			"children": [35, 36, 37, 38, 39, 40, 41, 42, 43, 44, 45]
		},
		{
			"name": "EF",
			"origin": [0, 0, 0],
			"color": 0,
			"children": [46, 47, 48, 49, 50, 51, 52, 53, 54, 55, 56]
		},
		{
			"name": "TF",
			"origin": [8, 8, 8],
			"color": 0,
			"children": [57, 58, 59, 60, 61, 62, 63, 64, 65, 66, 67]
		},
		{
			"name": "UF",
			"origin": [8, 8, 8],
			"color": 0,
			"children": [68, 69, 70, 71, 72, 73, 74, 75, 76, 77, 78]
		}
	]
}