{
	"credit": "Made by Cr_L with Blockbench",
	"parent": "block/block",
	"textures": {
		"top": "tconstruct:blocks/smeltery/seared_window_top",
		"side": "tconstruct:blocks/smeltery/seared_gauge_side",
		"particle": "tconstruct:blocks/smeltery/seared_gauge_side"
	},
	"elements": [
		{
			"from": [0, 0, 0],
			"to": [16, 16, 16],
			"faces": {
				"north": {"uv": [0, 0, 16, 16], "texture": "#side", "cullface": "north"},
				"east": {"uv": [0, 0, 16, 16], "texture": "#side", "cullface": "east"},
				"south": {"uv": [0, 0, 16, 16], "texture": "#side", "cullface": "south"},
				"west": {"uv": [0, 0, 16, 16], "texture": "#side", "cullface": "west"},
				"up": {"uv": [0, 0, 16, 16], "texture": "#top", "cullface": "up"},
				"down": {"uv": [0, 0, 16, 16], "texture": "#top", "cullface": "down"}
			}
		},
		{
			"from": [1, 1, 1],
			"to": [15, 15, 0],
			"faces": {
				"east": {"uv": [0, 1, 1, 15], "texture": "#side"},
				"west": {"uv": [15, 1, 16, 15], "texture": "#side"},
				"up": {"uv": [1, 0, 15, 1], "texture": "#side"},
				"down": {"uv": [1, 15, 15, 16], "texture": "#side"}
			}
		},
		{
			"from": [1, 1, 1],
			"to": [0, 15, 15],
			"faces": {
				"north": {"uv": [0, 1, 1, 15], "texture": "#side"},
				"south": {"uv": [15, 1, 16, 15], "texture": "#side"},
				"up": {"uv": [1, 15, 15, 16], "rotation": 270, "texture": "#side"},
				"down": {"uv": [1, 0, 15, 1], "rotation": 90, "texture": "#side"}
			}
		},
		{
			"from": [16, 1, 1],
			"to": [15, 15, 15],
			"faces": {
				"north": {"uv": [15, 1, 16, 15], "texture": "#side"},
				"south": {"uv": [0, 1, 1, 15], "texture": "#side"},
				"up": {"uv": [1, 15, 15, 16], "rotation": 270, "texture": "#side"},
				"down": {"uv": [1, 0, 15, 1], "rotation": 90, "texture": "#side"}
			}
		},
		{
			"from": [1, 1, 16],
			"to": [15, 15, 15],
			"faces": {
				"east": {"uv": [15, 1, 16, 15], "texture": "#side"},
				"west": {"uv": [0, 1, 1, 15], "texture": "#side"},
				"up": {"uv": [1, 15, 15, 16], "texture": "#side"},
				"down": {"uv": [1, 0, 15, 1], "texture": "#side"}
			}
		},
		{
			"from": [1, 1, 1],
			"to": [15, 0, 15],
			"faces": {
				"north": {"uv": [1, 0, 15, 1], "rotation": 180, "texture": "#side"},
				"east": {"uv": [0, 1, 1, 15], "rotation": 270, "texture": "#side"},
				"south": {"uv": [1, 15, 15, 16], "texture": "#side"},
				"west": {"uv": [15, 1, 16, 15], "rotation": 90, "texture": "#side"}
			}
		},
		{
			"from": [1, 16, 1],
			"to": [15, 15, 15],
			"faces": {
				"north": {"uv": [1, 15, 15, 16], "rotation": 180, "texture": "#side"},
				"east": {"uv": [0, 1, 1, 15], "rotation": 270, "texture": "#side"},
				"south": {"uv": [1, 0, 15, 1], "texture": "#side"},
				"west": {"uv": [15, 1, 16, 15], "rotation": 90, "texture": "#side"}
			}
		},
		{
			"from": [16, 0, 0],
			"to": [0, 16, 16],
			"faces": {
				"north": {"uv": [0, 0, 16, 16], "texture": "#side"},
				"east": {"uv": [0, 0, 16, 16], "texture": "#side"},
				"south": {"uv": [0, 0, 16, 16], "texture": "#side"},
				"west": {"uv": [0, 0, 16, 16], "texture": "#side"},
				"up": {"uv": [0, 0, 16, 16], "texture": "#top"},
				"down": {"uv": [0, 0, 16, 16], "texture": "#top"}
			}
		}
	],
	"overrides": []
}