{
	"credit": "Made by Cr_L with Blockbench",
	"parent": "block/block",
	"textures": {
		"side": "tconstruct:blocks/smeltery/seared_tank_side",
		"top": "tconstruct:blocks/smeltery/seared_tank_top",
		"particle": "tconstruct:blocks/smeltery/seared_tank_side"
	},
	"elements": [
		{
			"from": [0, 0, 0],
			"to": [16, 16, 16],
			"faces": {
				"north": {"uv": [0, 0, 16, 16], "texture": "#side", "cullface": "north"},
				"east": {"uv": [0, 0, 16, 16], "texture": "#side", "cullface": "east"},
				"south": {"uv": [0, 0, 16, 16], "texture": "#side", "cullface": "south"},
				"west": {"uv": [0, 0, 16, 16], "texture": "#side", "cullface": "west"},
				"up": {"uv": [0, 0, 16, 16], "texture": "#top", "cullface": "up"},
				"down": {"uv": [0, 0, 16, 16], "texture": "#top", "cullface": "down"}
			}
		},
		{
			"from": [3, 16, 3],
			"to": [13, 17, 13],
			"faces": {
				"north": {"uv": [3, 12, 13, 13], "texture": "#top", "cullface": "up"},
				"east": {"uv": [3, 12, 13, 13], "texture": "#top", "cullface": "up"},
				"south": {"uv": [3, 12, 13, 13], "texture": "#top", "cullface": "up"},
				"west": {"uv": [3, 12, 13, 13], "texture": "#top", "cullface": "up"},
				"up": {"uv": [3, 3, 13, 13], "texture": "#top", "cullface": "up"}
			}
		},
		{
			"from": [1, 15, 1],
			"to": [15, 1, 15],
			"faces": {
				"north": {"uv": [1, 1, 15, 15], "rotation": 180, "texture": "#side"},
				"east": {"uv": [1, 1, 15, 15], "rotation": 180, "texture": "#side"},
				"south": {"uv": [1, 1, 15, 15], "rotation": 180, "texture": "#side"},
				"west": {"uv": [1, 1, 15, 15], "rotation": 180, "texture": "#side"},
				"up": {"uv": [1, 1, 15, 15], "texture": "#top"},
				"down": {"uv": [1, 1, 15, 15], "texture": "#top"}
			}
		},
		{
			"from": [6, 3, 1],
			"to": [10, 13, 0],
			"faces": {
				"east": {"uv": [5, 3, 6, 13], "texture": "#side"},
				"west": {"uv": [10, 3, 11, 13], "texture": "#side"},
				"up": {"uv": [6, 2, 10, 3], "rotation": 180, "texture": "#side"},
				"down": {"uv": [6, 13, 10, 14], "texture": "#side"}
			}
		},
		{
			"from": [7, 2, 1],
			"to": [9, 14, 0],
			"faces": {
				"east": {"uv": [6, 2, 7, 14], "texture": "#side"},
				"west": {"uv": [9, 2, 10, 14], "texture": "#side"},
				"up": {"uv": [7, 1, 9, 2], "texture": "#side"},
				"down": {"uv": [7, 14, 9, 15], "texture": "#side"}
			}
		},
		{
			"from": [1, 3, 6],
			"to": [0, 13, 10],
			"rotation": {"angle": 0, "axis": "y", "origin": [8, 8, 8]},
			"faces": {
				"north": {"uv": [5, 3, 6, 13], "texture": "#side"},
				"south": {"uv": [10, 3, 11, 13], "texture": "#side"},
				"up": {"uv": [6, 2, 10, 3], "rotation": 90, "texture": "#side"},
				"down": {"uv": [6, 13, 10, 14], "rotation": 90, "texture": "#side"}
			}
		},
		{
			"from": [1, 2, 7],
			"to": [0, 14, 9],
			"rotation": {"angle": 0, "axis": "y", "origin": [8, 8, 8]},
			"faces": {
				"north": {"uv": [6, 2, 7, 14], "texture": "#side"},
				"south": {"uv": [9, 2, 10, 14], "texture": "#side"},
				"up": {"uv": [7, 1, 9, 2], "rotation": 270, "texture": "#side"},
				"down": {"uv": [7, 14, 9, 15], "rotation": 90, "texture": "#side"}
			}
		},
		{
			"from": [6, 3, 16],
			"to": [10, 13, 15],
			"rotation": {"angle": 0, "axis": "y", "origin": [8, 8, 8]},
			"faces": {
				"east": {"uv": [10, 3, 11, 13], "texture": "#side"},
				"west": {"uv": [5, 3, 6, 13], "texture": "#side"},
				"up": {"uv": [6, 2, 10, 3], "texture": "#side"},
				"down": {"uv": [6, 13, 10, 14], "rotation": 180, "texture": "#side"}
			}
		},
		{
			"from": [7, 2, 16],
			"to": [9, 14, 15],
			"rotation": {"angle": 0, "axis": "y", "origin": [8, 8, 8]},
			"faces": {
				"east": {"uv": [9, 2, 10, 14], "texture": "#side"},
				"west": {"uv": [6, 2, 7, 14], "texture": "#side"},
				"up": {"uv": [7, 1, 9, 2], "rotation": 180, "texture": "#side"},
				"down": {"uv": [7, 14, 9, 15], "rotation": 180, "texture": "#side"}
			}
		},
		{
			"from": [16, 3, 6],
			"to": [15, 13, 10],
			"rotation": {"angle": 0, "axis": "y", "origin": [8, 8, 8]},
			"faces": {
				"north": {"uv": [10, 3, 11, 13], "texture": "#side"},
				"south": {"uv": [5, 3, 6, 13], "texture": "#side"},
				"up": {"uv": [6, 2, 10, 3], "rotation": 270, "texture": "#side"},
				"down": {"uv": [6, 13, 10, 14], "rotation": 270, "texture": "#side"}
			}
		},
		{
			"from": [16, 2, 7],
			"to": [15, 14, 9],
			"rotation": {"angle": 0, "axis": "y", "origin": [8, 8, 8]},
			"faces": {
				"north": {"uv": [9, 2, 10, 14], "texture": "#side"},
				"south": {"uv": [6, 2, 7, 14], "texture": "#side"},
				"up": {"uv": [7, 1, 9, 2], "rotation": 90, "texture": "#side"},
				"down": {"uv": [7, 14, 9, 15], "rotation": 270, "texture": "#side"}
			}
		}
	],
  "overrides": []
}